Index,Factory name,country,bws_score,bwd_score,cfr_score,drr_score,Factory Type
1,"ACE Accessories Co., Ltd.",Taiwan,1.363146487,0.922523529,2.413248717,-9999.0,FINISHED GOODS
2,"Acode Sporting Goods Co., Ltd.",Vietnam,1.69615882,1.143929498,3.025974392,2.167585356,FINISHED GOODS
3,ADORA FOOTWEAR LIMITED,Vietnam,1.431227899,0.765869105,4.040222523,3.469697061,FINISHED GOODS
4,"All Wells International Co., Ltd.",Vietnam,1.054499597,0.670249605,4.000495029,2.810883013,FINISHED GOODS
5,ANHUI COSMO SPORTING GOODS COMPANY LIMITED,China,3.726924051,1.784814593,0.0,3.504092918,FINISHED GOODS
6,"Annora Vietnam  Footwear Co.,Ltd",Vietnam,4.466211878,2.361467929,4.001022334,2.743402508,FINISHED GOODS
7,"Asia Caps (Thailand) Co., Ltd.",Thailand,3.109756422,1.63008337,2.129345161,3.069143173,FINISHED GOODS
8,ASIATAN (CHINA),China,0.0,0.082410582,4.017069776,2.662134378,MATERIALS
9,AURORA VIETNAM INDUSTRIAL FOOTWEAR CO. LTD,Vietnam,1.888423765,1.025047202,4.014458347,2.543822176,FINISHED GOODS
10,AVERY DENNISON (GUANGZHOU) CONVERTED PRODUCTS LTD.,China,0.0,0.082410582,4.004380635,2.570440387,MATERIALS
11,"Avery Dennison (Suzhou) Co.,Ltd ",China,4.016276542,1.908488102,0.530115431,3.380822312,MATERIALS
12,Avery Dennison RIS Vietnam Co. Ltd.,Vietnam,1.69615882,1.143929498,3.025974392,2.167585356,MATERIALS
13,BAIKSAN (CHINA),China,0.797890632,0.443913437,2.318525094,2.595601528,FINISHED GOODS
14,BAIKSAN (TR1) (INDONESIA),Indonesia,3.18229402,1.439472807,2.56656962,3.594050966,MATERIALS
15,BAIKSAN (VIETNAM),Vietnam,1.69615882,1.143929498,3.025974392,2.167585356,MATERIALS
16,Beijing Our Clothing and Apparel Ltd,China,4.469735969,3.42750976,0.0,3.279120425,MATERIALS
17,BLAO SPORT COMPANY LIMITED,Vietnam,1.897168508,1.036469531,4.002309761,2.826426755,FINISHED GOODS
18,"Boling Digital (Xiamen) Technology Co.,Ltd",China,1.757077517,1.031527928,3.041224033,2.629152303,FINISHED GOODS
19,"BRANCH 1 OF GREENTECH HEADGEAR CO., LTD IN DONG NAI",Vietnam,1.054499597,0.670249605,4.000495029,2.810883013,FINISHED GOODS
20,Branch of Thuan Phuong Embroideries Garments Company Limited - Thuan Phuong Long An Factory,Vietnam,4.452659764,2.513910154,2.561941643,3.371990261,FINISHED GOODS
21,BUSINESS LOCATION IN VUNG LIEM - TY XUAN COMPANY LIMITED,Vietnam,1.864040593,1.029894649,4.031216344,3.842421362,FINISHED GOODS
22,Business Location of MDK Embroideries Garments Company Limited - Binh Chanh Factory,Vietnam,1.69615882,1.143929498,3.025974392,2.167585356,FINISHED GOODS
23,"CAN SPORTS VIETNAM CO., LTD",Vietnam,1.69615882,1.143929498,3.025974392,2.167585356,FINISHED GOODS
24,Cassia Garment Company Limited,Thailand,3.109756422,1.63008337,2.129345161,3.069143173,FINISHED GOODS
25,"CCH TOP VN CO., LTD.",Vietnam,1.69615882,1.143929498,3.025974392,2.167585356,FINISHED GOODS
26,CHANG SHIN DONG NAI COMPANY LTD,Vietnam,1.69615882,1.143929498,3.025974392,2.167585356,FINISHED GOODS
27,CHANG SHIN INDONESIA,Indonesia,3.313764823,1.530841604,2.559099762,3.641593757,FINISHED GOODS
28,"CHANG SHIN VIETNAM CO., LTD",Vietnam,1.054499597,0.670249605,4.000495029,2.810883013,FINISHED GOODS
29,"CHANG SHIN VIETNAM COMPANY, LTD.",Vietnam,1.69615882,1.143929498,3.025974392,2.167585356,FINISHED GOODS
30,Chang Tai Song Lin Woven Belt Co. LTD,China,2.252264492,1.175049606,3.102605894,2.456315178,MATERIALS
31,"Chang Wong Industrial Co., Ltd.",Taiwan,1.363146487,0.922523529,2.413248717,-9999.0,FINISHED GOODS
32,"Changzhou Qingqing Knitted Textile Co., Ltd.",China,4.016276542,1.908488102,0.530115431,3.380822312,MATERIALS
33,"Cheng Horng Industrial Co., Ltd.",Taiwan,1.363146487,0.922523529,2.413248717,-9999.0,MATERIALS
34,CHI YANG RIBBON,Taiwan,1.363146487,0.922523529,2.413248717,-9999.0,FINISHED GOODS - COMPONENTS
35,"CHUAN CHENG HAT CO., LTD.",Taiwan,1.363146487,0.922523529,2.413248717,-9999.0,FINISHED GOODS
36,"Chun Yu Ribbon ENT Co., Ltd.",Taiwan,1.363146487,0.922523529,2.413248717,-9999.0,MATERIALS
37,"Chuzhou Korrun Future Luggage Products Co., Ltd",China,0.419974132,0.366310339,0.0,3.512927556,FINISHED GOODS
38,"Colltex Garment Mfy Co., Ltd.(VN)",Vietnam,4.452659764,2.513910154,2.561941643,3.371990261,FINISHED GOODS
39,CONG TIEN GARMENT JOINT STOCK COMPANY,Vietnam,1.864040593,1.029894649,4.031216344,3.842421362,FINISHED GOODS
40,"COSMO TEXTILE CO.,LTD(ZHONGSHAN)",China,0.0,0.082410582,4.004380635,2.570440387,MATERIALS
41,"COSMO VIETNAM CO.,LTD",Vietnam,4.452659764,2.513910154,2.561941643,3.371990261,MATERIALS
42,COSMO-E-MART NON-WOVEN COMPANY LIMITED,Vietnam,4.452659764,2.513910154,2.561941643,3.371990261,MATERIALS
43,Dae Young Vina,Vietnam,1.69615882,1.143929498,3.025974392,2.167585356,FINISHED GOODS - COMPONENTS
44,DAEHWA INDONESIA PT (TR1) (INDONESIA),Indonesia,3.18229402,1.439472807,2.56656962,3.594050966,MATERIALS
45,"DAEWON CHEMICAL VINA CO., LTD.",Vietnam,1.69615882,1.143929498,3.025974392,2.167585356,MATERIALS
46,Dah Jeng Embroidery,Taiwan,1.363146487,0.922523529,2.413248717,-9999.0,FINISHED GOODS
47,"Dalian YKK Zipper Co.,Ltd.",China,4.249748237,2.695125385,3.139211742,3.129701035,MATERIALS
48,"Delta Galil Vietnam Co., Ltd",Vietnam,2.496531825,1.160316577,2.254449742,2.604049134,FINISHED GOODS
49,"Dona Pacific (Vietnam) Co., Ltd.",Vietnam,1.69615882,1.143929498,3.025974392,2.167585356,FINISHED GOODS
50,"DONA VICTOR FOOTWEAR CO., LTD",Vietnam,1.69615882,1.143929498,3.025974392,2.167585356,FINISHED GOODS
51,"Dong Guan Goldenprene Sporting Goods Co., Ltd.",China,0.797890632,0.443913437,2.318525094,2.595601528,FINISHED GOODS
52,Dong Guan New Prosperity Optical Mfy Ltd. Chang An Branch,China,1.840089816,0.89520095,4.00210769,2.704106647,FINISHED GOODS
53,"DONG SHIN VINA CO.,LTD",Vietnam,1.69615882,1.143929498,3.025974392,2.167585356,FINISHED GOODS
54,"Dongguan Dingjia Sporting Goods Co.,Ltd.",China,1.840089816,0.89520095,4.00210769,2.704106647,FINISHED GOODS
55,"DONGGUAN JINGSHENG GARMENTS CO.,LTD",China,0.797890632,0.443913437,2.318525094,2.595601528,FINISHED GOODS
56,DONGGUAN JUN SHENG FOOTWEAR PARTS CO LTD (KURIM DONGGUAN) (CHINA),China,0.797890632,0.443913437,2.318525094,2.595601528,MATERIALS
57,Dongguan leefong label manufacture co ltd.,China,0.797890632,0.443913437,2.318525094,2.595601528,FINISHED GOODS
58,"DONGGUAN RICHWAY HANDBAG CO., LTD.",China,0.797890632,0.443913437,2.318525094,2.595601528,FINISHED GOODS
59,"Dongguan Stella Footwear Product Creation Co., LTD.",China,0.797890632,0.443913437,2.318525094,2.595601528,FINISHED GOODS
60,"Dongguan Ye Ji Industrial Co., Ltd.",China,0.797890632,0.443913437,2.318525094,2.595601528,FINISHED GOODS
61,"Dongguan Youkai Industrial Co., Ltd",China,0.797890632,0.443913437,2.318525094,2.595601528,FINISHED GOODS
62,DONGJIN (Indonesia),Indonesia,3.313764823,1.530841604,2.559099762,3.641593757,MATERIALS
63,DONGJIN TEXTILE VINA,Vietnam,1.019449456,0.620524519,1.444160201,2.387824962,MATERIALS
64,"DONGJIN TEXTILE VINA Co., Ltd ",Vietnam,1.019449456,0.620524519,1.444160201,2.387824962,MATERIALS
65,DUCKSAN CO LTD (Vietnam),Vietnam,1.69615882,1.143929498,3.025974392,2.167585356,MATERIALS
66,"E-Top (Vietnam) Co.,Ltd",Vietnam,1.054499597,0.670249605,4.000495029,2.810883013,FINISHED GOODS
67,"Eagle Nice (Yifeng) Garments Co., Ltd",China,0.407852924,0.666927762,0.0,3.327838104,FINISHED GOODS
68,EAGLE NICE JINGMEN GARMENTS CO LTD,China,2.49209029,1.112870512,0.0,3.070847028,FINISHED GOODS
69,EAGLE NICE VIETNAM COMPANY LIMITED,Vietnam,4.452659764,2.513910154,2.561941643,3.371990261,FINISHED GOODS
70,ECI ELASTIC CO LTD,Taiwan,1.363146487,0.922523529,2.413248717,-9999.0,FINISHED GOODS - COMPONENTS
71,"ECLAT FABRIC CO., LTD.",Vietnam,1.054499597,0.670249605,4.000495029,2.810883013,MATERIALS
72,"ECLAT TEXTILE CO., LTD. - DA YUAN FACTORY",Taiwan,1.363146487,0.922523529,2.413248717,-9999.0,FINISHED GOODS - COMPONENTS
73,"ECLAT TEXTILE CO., LTD. (VIETNAM)",Vietnam,1.054499597,0.670249605,4.000495029,2.810883013,FINISHED GOODS
74,ELITE APPARATECH LLC,Vietnam,1.054499597,0.670249605,4.000495029,2.810883013,FINISHED GOODS
75,"ENPING E-MART ENTERPRISE CO., LTD.,",China,1.637324026,0.947219365,4.006780867,2.57475644,MATERIALS
76,EVEREST TEXTILE CO LTD,Taiwan,1.363146487,0.922523529,2.413248717,-9999.0,MATERIALS
77,EVEREST TEXTILES CHINA,China,3.437826419,1.527175651,2.741384111,3.336828491,MATERIALS
78,EVEREST TEXTILES THAILAND-V,Thailand,2.931374955,1.353010293,0.291314657,2.379839182,MATERIALS
79,EverTech Plastic Vietnam Company LTD Branch,Vietnam,1.69615882,1.143929498,3.025974392,2.167585356,FINISHED GOODS - COMPONENTS
80,FAR EASTERN,Taiwan,1.363146487,0.922523529,2.413248717,-9999.0,MATERIALS
81,Far Eastern Apparal Suzhou Ltd. Co,China,4.016276542,1.908488102,0.530115431,3.380822312,FINISHED GOODS
82,Far Eastern Apparel (Vietnam) Limited,Vietnam,1.69615882,1.143929498,3.025974392,2.167585356,FINISHED GOODS
83,Far Eastern Apparel Limited Vietnam,Vietnam,1.69615882,1.143929498,3.025974392,2.167585356,FINISHED GOODS
84,Far Eastern Dyeing & Finishing (SuZhou) LTD,China,4.016276542,1.908488102,0.530115431,3.380822312,MATERIALS
85,Far Eastern New Apparel (Vietnam) Ltd (MDC),Vietnam,1.69615882,1.143929498,3.025974392,2.167585356,FINISHED GOODS
86,FAR EASTERN POLYTEX (VIETNAM) LTD,Vietnam,1.69615882,1.143929498,3.025974392,2.167585356,MATERIALS
87,"FASHION GARMENTS 2 CO., LTD",Vietnam,1.69615882,1.143929498,3.025974392,2.167585356,FINISHED GOODS
88,"Fashion Garments 2 Co., Ltd - Xuan Tay",Vietnam,1.054499597,0.670249605,4.000495029,2.810883013,FINISHED GOODS
89,"FASHION GARMENTS 2 CO., LTD. - TAN PHU BRANCH",Vietnam,1.69615882,1.143929498,3.025974392,2.167585356,FINISHED GOODS
90,Fashion Garments Company Limited,Vietnam,3.091303255,1.413338034,2.197614649,2.315745285,FINISHED GOODS
91,"FASHION GARMENTS MEKONG CO., LTD",Vietnam,1.864040593,1.029894649,1.808037565,3.859483479,FINISHED GOODS
92,"Feng Tay Enterprises Co., Ltd",Taiwan,1.363146487,0.922523529,2.413248717,-9999.0,FINISHED GOODS
93,"FORMOSA TAFFETA (CHANGSHU) CO., LTD",China,4.016276542,1.908488102,0.530115431,3.380822312,MATERIALS
94,"FORMOSA TAFFETA CO., LTD.",Taiwan,1.363146487,0.922523529,2.413248717,-9999.0,MATERIALS
95,"FORMOSA TAFFETA DONG NAI CO., LTD.",Vietnam,1.054499597,0.670249605,4.000495029,2.810883013,MATERIALS
96,FORMOSA TAFFETA VIETNAM CO LTD,Vietnam,4.452659764,2.513910154,2.561941643,3.371990261,MATERIALS
97,FORMOSA TING SHO ENT CO LTD (TAIWAN),Taiwan,1.363146487,0.922523529,2.413248717,-9999.0,MATERIALS
98,"FOSHAN COSMO HUAZHOU TEXTILE CO.,LTD.",China,1.840089816,0.89520095,4.00210769,2.704106647,MATERIALS
99,"framas Korea Vina Co., Ltd",Vietnam,1.69615882,1.143929498,3.025974392,2.167585356,FINISHED GOODS - COMPONENTS
100,"FREETREND INDUSTRIAL (VIETNAM) CO., LTD",Vietnam,1.69615882,1.143929498,3.025974392,2.167585356,FINISHED GOODS
101,"Fu-Luh Shoes Co., LTD",Vietnam,4.452659764,2.513910154,2.561941643,3.371990261,FINISHED GOODS
102,"Fujian Lifeng Footwear Industrial Development CO.,LTD.",China,3.745119965,1.642171866,3.394681492,2.601891102,FINISHED GOODS
103,"Fujian San Feng Footwear Co.,Ltd",China,0.0,0.049394567,0.0,2.605696667,FINISHED GOODS
104,"Fujian Xiefeng Footwear Co.,Ltd.",China,3.745119965,1.642171866,3.394681492,2.601891102,FINISHED GOODS
105,"Fujian Xingxun New Materials Technology Co., Ltd.",China,1.757077517,1.031527928,3.041224033,2.629152303,FINISHED GOODS - COMPONENTS
106,"Fujian Zhuojian Garment Technology Co., Ltd",China,3.505778364,1.725985497,2.683031872,2.556107418,FINISHED GOODS
107,FUQING TIONGLIONG XINYE SHOES MATERIAL CO LTD,China,0.113800686,0.264907227,3.238619229,2.653953259,MATERIALS
108,"Future Garment Co., Ltd.",Thailand,3.109756422,1.63008337,2.129345161,3.069143173,FINISHED GOODS
109,Gain Lucky (Vietnam) Limited,Vietnam,4.452659764,2.513910154,2.561941643,3.371990261,MATERIALS
110,GB LIGHT CO LTD (VIETNAM),Vietnam,1.69615882,1.143929498,3.025974392,2.167585356,MATERIALS
111,Germton Development Company Limited,Vietnam,3.091303255,1.413338034,2.197614649,2.315745285,FINISHED GOODS
112,Germton Industrial Company Ltd.,Vietnam,0.844826194,0.47620477,0.0,2.130262904,FINISHED GOODS
113,GOLD LONG JOHN (INDONESIA),Indonesia,3.313764823,1.530841604,2.559099762,3.641593757,FINISHED GOODS - COMPONENTS
114,GOLD LONG JOHN (TR1) (CHINA),China,0.0,0.082410582,4.004380635,2.570440387,FINISHED GOODS - COMPONENTS
115,GOLD LONG JOHN (TR1) (TAIWAN),Taiwan,1.363146487,0.922523529,2.413248717,-9999.0,FINISHED GOODS - COMPONENTS
116,Gold Long John (Vietnam 2nd location),Vietnam,1.054499597,0.670249605,4.000495029,2.810883013,FINISHED GOODS - COMPONENTS
117,GOLD LONG JOHN (VIETNAM),Vietnam,1.054499597,0.670249605,4.000495029,2.810883013,FINISHED GOODS - COMPONENTS
118,"Green TG Co., Ltd",Vietnam,4.452659764,2.513910154,2.561941643,3.371990261,FINISHED GOODS
119,GreenTech Headgear Company Limited,Vietnam,1.054499597,0.670249605,4.000495029,2.810883013,FINISHED GOODS
120,"Guangdong Glory textile Enterprise Co., Ltd.",China,1.840089816,0.89520095,4.00210769,2.704106647,MATERIALS
121,GUANGZHOU JIN HONG YUAN LEATHER PRODUCT CO LIMITED,China,0.0,0.082410582,4.004380635,2.570440387,FINISHED GOODS
122,Guangzhou Yisetong Clothing Co.Ltd,China,0.0,0.082410582,4.004380635,2.570440387,FINISHED GOODS
123,"H&L APPAREL(VIETNAM) CO.,LTD",Vietnam,1.69615882,1.143929498,3.025974392,2.167585356,FINISHED GOODS
124,Ha Noi Garment No. 40 Joint Stock Company,Vietnam,1.431227899,0.765869105,4.040222523,3.469697061,FINISHED GOODS
125,"Haivina Co., Ltd.",Vietnam,1.431227899,0.765869105,4.115968585,3.732877828,FINISHED GOODS
126,Haivina Hong Linh Co. Ltd,Vietnam,2.509358846,1.23789438,4.002366466,2.282781927,FINISHED GOODS
127,"Haiyan Golden Gate Socks Industry Co., Ltd",China,3.437826419,1.527175651,2.741384111,3.336828491,FINISHED GOODS
128,"Hao’s Fitness Equipment (Shanghai) Co., Ltd. TRADING LTD",China,4.016276542,1.908488102,0.530115431,3.380822312,FINISHED GOODS
129,HESHAN TOP EAGLE GARMENT LTD.,China,0.0,0.082410582,4.004380635,2.570440387,FINISHED GOODS
130,"HESHENG CO., LTD.",Vietnam,2.805803426,1.407256582,4.010633967,3.189063374,FINISHED GOODS
131,"HI TECH APPAREL CO LTD, BRANCH 70",Thailand,3.109756422,1.63008337,2.129345161,3.069143173,FINISHED GOODS
132,Hi-Tech Apparel Co. Ltd.,Thailand,3.109756422,1.63008337,2.129345161,3.069143173,FINISHED GOODS
133,"HI-TECH APPAREL CO.,LTD. (SUPANBURI BRANCH)",Thailand,4.722261997,2.967937123,1.106095921,3.127964554,FINISHED GOODS
134,"Hi-Tech Chai1 Co.,Ltd.",Thailand,4.567296794,2.764482381,0.0,3.141564658,FINISHED GOODS
135,"Hi-Tech Chaiyaphum Apparel (2020) Co.,Ltd.",Thailand,4.567296794,2.764482381,0.0,3.141564658,FINISHED GOODS
136,"HI-TECH SURIN APPAREL (2020) CO., LTD (00001)",Thailand,3.104666025,1.501534359,0.0,3.632987044,FINISHED GOODS
137,"Hi-Tech Viet Nam Apparel Co.,Ltd.",Vietnam,0.844826194,0.47620477,0.0,2.130262904,FINISHED GOODS
138,Honways Apparel Shuyang Limited,China,2.451124948,1.261294077,0.0,3.513415155,FINISHED GOODS
139,HUA FENG (CHINA),China,2.607120116,1.220926069,3.087656758,2.654733305,MATERIALS
140,HUA FENG (VIETNAM),Vietnam,1.054499597,0.670249605,4.000495029,2.810883013,MATERIALS
141,Hua Feng Haptic Vietnam,Vietnam,1.019449456,0.620524519,1.444160201,2.387824962,FINISHED GOODS - COMPONENTS
142,HUAFENG HAPTIC,China,2.607120116,1.220926069,3.087656758,2.654733305,FINISHED GOODS - COMPONENTS
143,Huaian Yuantong Headwear Mfg Co Ltd,China,2.655755636,1.447859049,1.503519592,3.544305675,FINISHED GOODS
144,"Huajin Textile Printing &Dyeing Co.,LTD",China,1.421866874,1.021693118,0.0,3.280110863,MATERIALS
145,HUBEI TOP EAGLE GARMENT LTD.,China,0.354520955,0.35793312,0.0,2.777421119,FINISHED GOODS
146,"HUIZHOU YANGMING INDUSTRIAL CO., LTD.",China,0.797890632,0.443913437,2.318525094,2.595601528,FINISHED GOODS
147,HUNG LONG GARMENT AND SERVICE JOINT STOCK COMPANY,Vietnam,1.431227899,0.765869105,4.035185706,3.315876613,FINISHED GOODS
148,ISA INDUSTRIAL CO LTD (HESHAN) (CHINA),China,2.527753998,1.114065211,4.002089392,2.596870208,MATERIALS
149,ISA INDUSTRIAL CO LTD (VIETNAM),Vietnam,1.69615882,1.143929498,3.025974392,2.167585356,MATERIALS
150,"Jiangsu Asian Sourcing Headwear MFG. CO., Ltd",China,2.655755636,1.447859049,1.503519592,3.544305675,FINISHED GOODS
151,"JiangSu HongBao Sporting Goods Co., Ltd.",China,2.655755636,1.447859049,1.503519592,3.544305675,FINISHED GOODS
152,"JIANGSU JINHUBAO GARMENT CO., LTD",China,3.100709926,1.416533289,1.047837284,3.57989061,FINISHED GOODS
153,"JIANGSU NINGSHENG GARMENT CO.,LTD   ",China,2.173164447,1.094305533,2.330857611,3.719564784,FINISHED GOODS
154,"Jiangxi Guangyou Shoetown Footwear Co., Ltd.",China,3.203923683,1.388801815,0.0,2.665399355,FINISHED GOODS
155,"JIAXING KANAAN BAG R&D CO.,LTD",China,4.016276542,1.908488102,0.530115431,3.380822312,FINISHED GOODS
156,"JIAXING QUANG VIET GARMENT CO., LTD.",China,3.437826419,1.527175651,2.741384111,3.336828491,FINISHED GOODS
157,"JINGNING XUANCHEN TECHNOLOGY CO., LTD.",China,0.956212568,0.557017791,0.0,2.765383555,FINISHED GOODS
158,"JOOWON VINA CO., LTD.",Vietnam,1.69615882,1.143929498,3.025974392,2.167585356,MATERIALS
159,"JOV GARMENT ACCESSORIAL MATERIAL CO., LTD",China,4.016276542,1.908488102,0.530115431,3.380822312,MATERIALS
160,"JOY VINA FASHION CO., LTD",Vietnam,1.431227899,0.765869105,4.115968585,3.732877828,FINISHED GOODS
161,JUNMAY LABEL (TAIWAN),Taiwan,1.363146487,0.922523529,2.413248717,-9999.0,MATERIALS
162,"Kunshan Sabrina Clothes Making Co., Ltd.",China,4.016276542,1.908488102,0.530115431,3.380822312,FINISHED GOODS
163,KUO YUEN (TR1) (CHINA),China,1.840089816,0.89520095,4.00210769,2.704106647,MATERIALS
164,KUO YUEN (VIETNAM),Vietnam,1.054499597,0.670249605,4.000495029,2.810883013,MATERIALS
165,KUO YUEN (VIETNAM) TAY NINH,Vietnam,4.452659764,2.513910154,2.561941643,3.371990261,MATERIALS
166,KURARAY CO LTD (CLARINO) (TR1) (TR1) (CHINA),China,4.016276542,1.908488102,0.530115431,3.380822312,MATERIALS
167,"KURIM VIETNAM CO., LTD",Vietnam,1.69615882,1.143929498,3.025974392,2.167585356,MATERIALS
168,KWAN TAT VIET NAM INDUSTRIAL LIMITED,Vietnam,1.69615882,1.143929498,3.025974392,2.167585356,FINISHED GOODS
169,LEADING STAR THANH HOA GARMENT COMPANY LIMITED,Vietnam,1.431227899,0.765869105,4.040222523,3.469697061,FINISHED GOODS
170,League Optical(Zhongshan) Workshop Limited,China,0.0,0.082410582,4.017069776,2.662134378,FINISHED GOODS
171,"LEE BOU INTERNATIONAL BINH DUONG INTL. CO., LTD",Vietnam,1.69615882,1.143929498,3.025974392,2.167585356,FINISHED GOODS - COMPONENTS
172,"LI CHENG ENTERPRISE CO.,LTD",Taiwan,1.363146487,0.922523529,2.413248717,-9999.0,FINISHED GOODS - COMPONENTS
173,"LI CHENG ENTERPRISE VIET NAM CO., LTD",Vietnam,1.054499597,0.670249605,4.000495029,2.810883013,FINISHED GOODS - COMPONENTS
174,"Lijing Regina Miracle Intimate Apparel (Zhaoqing) Co., Ltd",China,0.0,0.046475747,0.021316009,2.58346634,FINISHED GOODS
175,LION BROTHERS (SHENZHEN) CO. LTD.,China,1.840089816,0.89520095,4.00210769,2.704106647,FINISHED GOODS - COMPONENTS
176,Long Chuan Simona Footwear Co. Ltd,China,0.526292992,0.349340103,0.0,2.724569794,FINISHED GOODS
177,"Long Fa Shoes Industrial Huizhou Co., Ltd.",China,0.797890632,0.443913437,2.318525094,2.595601528,FINISHED GOODS
178,"Long Yue Shoes Industrial Hui Zhou Co.,Ltd.",China,0.797890632,0.443913437,2.318525094,2.595601528,FINISHED GOODS - COMPONENTS
179,"Longchuan Somona Footwear Co.,Ltd Wuhua Branch",China,2.628398952,1.147770678,3.142209712,2.642420282,FINISHED GOODS - COMPONENTS
180,"Longhui Stella Footwear Co., Ltd",China,1.316316286,0.715555562,0.0,2.783117902,FINISHED GOODS - COMPONENTS
181,Longway Vietnam Company Limited,Vietnam,1.69615882,1.143929498,3.025974392,2.167585356,FINISHED GOODS
182,Lucky Star Vietnam Garment Company Limited,Vietnam,1.69615882,1.143929498,3.025974392,2.167585356,FINISHED GOODS
183,"LUCKYTEX SOC TRANG VIETNAM CO., LTD",Vietnam,1.69615882,1.143929498,3.025974392,2.167585356,FINISHED GOODS
184,"M.I.I.T. CO., LTD",Thailand,3.109756422,1.63008337,3.719516034,2.765760502,FINISHED GOODS
185,"MANUFACTURE OF ARTISTIC BELT & ACCESSORIES CO., LTD.",Vietnam,1.69615882,1.143929498,3.025974392,2.167585356,FINISHED GOODS
186,MAPLE COMPANY LIMITED,Vietnam,1.888423765,1.025047202,4.014458347,2.543822176,FINISHED GOODS
187,"Maxim Label and Packaging Vietnam Co., Ltd",Vietnam,1.69615882,1.143929498,3.025974392,2.167585356,MATERIALS
188,MAXIM SMART MANUFACTURING CO LTD,China,4.016276542,1.908488102,0.530115431,3.380822312,MATERIALS
189,Maxport Limited (Viet Nam) - Thai Binh Branch,Vietnam,1.431227899,0.765869105,4.035185706,3.315876613,FINISHED GOODS
190,MAXPORT LIMITED VIET NAM _ NAM DINH BRANCH MAXPORT 06,Vietnam,1.69615882,1.143929498,3.025974392,2.167585356,FINISHED GOODS
191,MAXPORT LIMITED VIET NAM NAM DINH BRANCH MAXPORT 05,Vietnam,1.019449456,0.620524519,1.444160201,2.387824962,FINISHED GOODS
192,Maxturn Apparel Company Limited,Vietnam,2.805803426,1.407256582,4.010633967,3.189063374,FINISHED GOODS
193,"MDK Embroideries Garments Co., Ltd",Vietnam,1.69615882,1.143929498,3.025974392,2.167585356,FINISHED GOODS
194,"Men-Chuen Viet Nam Co., Ltd. (Nhon Trach VI)",Vietnam,1.054499597,0.670249605,4.000495029,2.810883013,FINISHED GOODS - COMPONENTS
195,Minone Enterprises Co Ltd,Thailand,5.0,5.0,0.0,3.281197173,FINISHED GOODS
196,NAM THIEN COMPANY LIMITED,Vietnam,1.69615882,1.143929498,3.025974392,2.167585356,FINISHED GOODS
197,Nan Yang Garment,Thailand,3.380208255,2.071848371,1.172639011,3.28882764,FINISHED GOODS
198,"Nan Yang Garment Co., Ltd.",Thailand,4.624583198,3.158175265,0.0,2.891528974,FINISHED GOODS
199,"NAN YANG GARMENT CO., LTD.",Thailand,3.109756422,1.63008337,3.719516034,2.765760502,FINISHED GOODS
200,"NAN YANG GARMENT CO.,LTD",Thailand,4.722261997,2.967937123,1.106095921,3.127964554,FINISHED GOODS
201,"Nanjing 3H Medical Products Co., Ltd.",China,1.125979021,0.535603149,0.0,3.325933603,FINISHED GOODS
202,"Nantong Golden Yuelai Gym Equipment Co., Ltd",China,2.173164447,1.094305533,4.010231324,3.680475723,FINISHED GOODS
203,"Nantong Nafung Gym Equipment Co.,Ltd",China,2.173164447,1.094305533,4.010231324,3.680475723,FINISHED GOODS
204,NICE APPAREL COMPANY LIMITED,Thailand,4.567296794,2.764482381,0.0,3.141564658,FINISHED GOODS
205,NICE APPAREL COMPANY LIMITED,Thailand,3.109756422,1.63008337,2.129345161,3.069143173,FINISHED GOODS
206,Nice Apparel Company Limited Branch Chumphae,Thailand,3.482398811,1.735679777,0.0,3.26676485,FINISHED GOODS
207,Ningbo Bell Garment Industrial Co. Ltd,China,2.635740043,1.163726976,4.001210681,2.806909944,FINISHED GOODS
208,Ningbo Eastex,China,2.635740043,1.163726976,4.001210681,2.806909944,FINISHED GOODS
209,"NINGBO MITSUBANA APPERAL CO., LTD",China,2.635740043,1.163726976,4.001210681,2.806909944,FINISHED GOODS
210,Ningbo Shenzhou Knitting Co. Ltd,China,2.635740043,1.163726976,4.001210681,2.806909944,FINISHED GOODS
211,NINGBO SHENZHOU KNITTING CO. LTD. (PRINTING MILL & MC),China,2.635740043,1.163726976,4.001210681,2.806909944,FINISHED GOODS
212,Ningbo Shenzhou Knitting Co. Ltd. Nbr 6 Garment Factory,China,2.635740043,1.163726976,4.001210681,2.806909944,FINISHED GOODS
213,"NINGBO SHENZHOU KNITTING CO., LTD",China,2.635740043,1.163726976,4.001210681,2.806909944,MATERIALS
214,NV Apparel Company Limited,Vietnam,1.864040593,1.029894649,1.808037565,3.859483479,FINISHED GOODS
215,ORIENTAL GARMENT AN GIANG CO LTD,Vietnam,1.864040593,1.029894649,1.808037565,3.859483479,FINISHED GOODS
216,"Oriental Garment Co., Ltd – Nongbuadang",Thailand,4.567296794,2.764482381,0.0,3.141564658,FINISHED GOODS
217,OUTLOOK INTERNATIONAL GROUP (VIETNAM) COMPANY LIMITED,Vietnam,2.805803426,1.407256582,4.010633967,3.189063374,FINISHED GOODS
218,PAIHO (DONGGUAN 3),China,1.840089816,0.89520095,4.00210769,2.704106647,MATERIALS
219,PAIHO (TAIWAN)- Knitting,Taiwan,1.363146487,0.922523529,2.413248717,-9999.0,MATERIALS
220,PAIHO (VIETNAM),Vietnam,1.69615882,1.143929498,3.025974392,2.167585356,MATERIALS
221,PAIHO (WUXI 1),China,2.173164447,1.094305533,2.330857611,3.719564784,MATERIALS
222,Paxar Packaging Guangzhou Ltd.,China,0.0,0.082410582,4.004380635,2.570440387,MATERIALS
223,"PHUC TAI TAY NINH CO., LTD",Vietnam,1.69615882,1.143929498,3.025974392,2.167585356,FINISHED GOODS
224,"Pilotknit Sport Wear Co.,ltd.",Thailand,4.722261997,2.967937123,1.106095921,3.127964554,FINISHED GOODS
225,"Pinghu Lipai Bags and Luggage Co., Ltd.",,,,,,FINISHED GOODS
226,Pingxiang City Guangxuan Footwear Co. Ltd.,China,1.360332899,0.721251755,0.0,2.689149154,FINISHED GOODS - COMPONENTS
227,PMI Joinease plastic & metal products,China,0.797890632,0.443913437,2.318525094,2.595601528,FINISHED GOODS
228,PONY LEATHER CORPORATION (TAIWAN),Taiwan,1.363146487,0.922523529,2.413248717,-9999.0,MATERIALS
229,Pou Chen Corporation,Taiwan,1.363146487,0.922523529,2.413248717,-9999.0,FINISHED GOODS
230,Pou Chen Vietnam Enterprise Ltd.,Vietnam,1.888423765,1.025047202,4.014458347,2.543822176,FINISHED GOODS
231,"PREMIER GLOBAL (VIETNAM) GARMENT FACTORY CO., LTD",Vietnam,1.69615882,1.143929498,3.025974392,2.167585356,FINISHED GOODS
232,PRIME ASIA (CHINA),China,0.797890632,0.443913437,2.318525094,2.595601528,MATERIALS
233,PRIME ASIA (VIETNAM),Vietnam,1.054499597,0.670249605,4.000495029,2.810883013,MATERIALS
234,"Pro Kingtex Vietnam Co., Ltd",Vietnam,1.69615882,1.143929498,3.025974392,2.167585356,FINISHED GOODS
235,PROMAX TEXTILE (VIETNAM) CO. LTD,Vietnam,1.019449456,0.620524519,1.444160201,2.387824962,MATERIALS
236,PROMAX TEXTILE (VIETNAM) CO. LTD.  (FTY 2),Vietnam,1.054499597,0.670249605,4.000495029,2.810883013,MATERIALS
237,"PROSPORTS FASHION (VIET NAM) CO., LTD.",Vietnam,2.805803426,1.407256582,4.010633967,3.189063374,FINISHED GOODS
238,PT Adis Dimension Footwear,Indonesia,3.18229402,1.439472807,2.56656962,3.594050966,FINISHED GOODS
239,PT Batang Apparel Indonesia,Indonesia,4.035248589,2.353942103,3.099236101,3.746869038,FINISHED GOODS
240,PT Chang Shin Indonesia,Indonesia,4.035248589,2.353942103,3.099236101,3.746869038,FINISHED GOODS
241,PT DAEWON ECO INDONESIA,Indonesia,3.18229402,1.439472807,2.56656962,3.594050966,MATERIALS
242,PT DAH JU INDONESIA,Indonesia,4.035248589,2.353942103,3.099236101,3.746869038,MATERIALS
243,PT Dayup Indo,Indonesia,3.18229402,1.439472807,2.56656962,3.594050966,FINISHED GOODS
244,PT Eagle Nice Indonesia,Indonesia,3.18229402,1.439472807,2.56656962,3.594050966,FINISHED GOODS
245,PT ECLAT TEXTILE INTERNATIONAL,Indonesia,4.035248589,2.353942103,3.099236101,3.746869038,FINISHED GOODS
246,PT Jinlin Luggage Indonesia,Indonesia,4.035248589,2.353942103,3.099236101,3.746869038,FINISHED GOODS
247,PT KMK Global Sports  K1,Indonesia,3.18229402,1.439472807,2.56656962,3.594050966,FINISHED GOODS
248,PT Lucky Textile Semarang Demak,Indonesia,4.035248589,2.353942103,3.099236101,3.746869038,FINISHED GOODS
249,PT Marel Sukses Pratama,Indonesia,3.252966944,1.836061596,0.4480945,3.77714202,FINISHED GOODS
250,PT MAS ARYA INDONESIA,Indonesia,4.035248589,2.353942103,3.099236101,3.746869038,FINISHED GOODS
251,PT Mercindo Global Manufaktur,Indonesia,4.035248589,2.353942103,3.099236101,3.746869038,FINISHED GOODS
252,PT Mitra Garindo Perkasa,Indonesia,3.18229402,1.439472807,2.56656962,3.594050966,FINISHED GOODS
253,PT Morich Indo Fashion,Indonesia,4.035248589,2.353942103,3.099236101,3.746869038,FINISHED GOODS
254,PT Nikomas Gemilang,Indonesia,3.18229402,1.439472807,2.56656962,3.594050966,FINISHED GOODS
255,PT PAXAR INDONESIA (AVERY DENNISON GROUP),Indonesia,3.18229402,1.439472807,2.56656962,3.594050966,MATERIALS
256,PT Pratama Abadi Industri,Indonesia,3.18229402,1.439472807,2.56656962,3.594050966,FINISHED GOODS
257,PT PRATAMA ABADI INDUSTRI,Indonesia,3.18229402,1.439472807,2.56656962,3.594050966,FINISHED GOODS
258,PT PRATAMA ABADI INDUSTRI,Indonesia,4.035248589,2.353942103,3.099236101,3.746869038,FINISHED GOODS
259,PT Rodeo Prima Jaya,Indonesia,4.035248589,2.353942103,3.099236101,3.746869038,FINISHED GOODS
260,PT SELALU CINTA INDONESIA,Indonesia,4.035248589,2.353942103,3.099236101,3.746869038,FINISHED GOODS
261,PT Semarang Garment,Indonesia,4.035248589,2.353942103,3.099236101,3.746869038,FINISHED GOODS
262,PT Shoetown Kasokandel Indonesia,Indonesia,4.035248589,2.353942103,3.099236101,3.746869038,FINISHED GOODS - COMPONENTS
263,PT Sport Glove Indonesia ,Indonesia,3.252966944,1.836061596,0.4480945,3.77714202,FINISHED GOODS
264,PT Tong Hong Tannery,Indonesia,3.18229402,1.439472807,2.56656962,3.594050966,MATERIALS
265,PT Trigoldenstar Wisesa,Indonesia,4.035248589,2.353942103,3.099236101,3.746869038,FINISHED GOODS
266,PT Victory Chingluh Indonesia,Indonesia,3.18229402,1.439472807,2.56656962,3.594050966,FINISHED GOODS
267,PT Victory Chingluh Indonesia,Indonesia,3.18229402,1.439472807,2.56656962,3.594050966,FINISHED GOODS
268,PT YC TEC INDONESIA,Indonesia,4.035248589,2.353942103,3.099236101,3.746869038,FINISHED GOODS - COMPONENTS
269,PT. CCH INDONESIA,Indonesia,3.313764823,1.530841604,2.559099762,3.641593757,FINISHED GOODS
270,PT. CHANGSHIN  REKSA JAYA,Indonesia,4.035248589,2.353942103,3.099236101,3.746869038,FINISHED GOODS
271,PT. CHING LUH INDONESIA,Indonesia,3.18229402,1.439472807,2.56656962,3.594050966,FINISHED GOODS
272,PT. Feng Tay Indonesia Enterprises,Indonesia,3.313764823,1.530841604,2.559099762,3.641593757,FINISHED GOODS
273,PT. Formosa Bag Indonesia,Indonesia,4.035248589,2.353942103,3.099236101,3.746869038,FINISHED GOODS
274,PT. Gelindo Garmentama,Indonesia,3.313764823,1.530841604,2.559099762,3.641593757,FINISHED GOODS
275,PT. Glorystar Wisesa,Indonesia,4.035248589,2.353942103,3.099236101,3.746869038,FINISHED GOODS
276,PT. Grand Best Indonesia,Indonesia,4.035248589,2.353942103,3.099236101,3.746869038,FINISHED GOODS
277,PT. Kanindo Makmur Jaya,Indonesia,4.035248589,2.353942103,3.099236101,3.746869038,FINISHED GOODS
278,PT. POU YUEN INDONESIA,Indonesia,3.313764823,1.530841604,2.559099762,3.641593757,FINISHED GOODS
279,PT. SHOETOWN LIGUNG INDONESIA,Indonesia,4.035248589,2.353942103,3.099236101,3.746869038,FINISHED GOODS
280,PT. TKG TAEKWANG CIREBON,Indonesia,4.035248589,2.353942103,3.099236101,3.746869038,FINISHED GOODS
281,PT. TKG TAEKWANG INDONESIA,Indonesia,4.035248589,2.353942103,3.099236101,3.746869038,FINISHED GOODS
282,PT.BERKAH KARYA JAYA SENTOSA,Indonesia,4.035248589,2.353942103,3.099236101,3.746869038,FINISHED GOODS
283,PT.WONEEL MIDAS LEATHERS,Indonesia,3.665273012,2.337307607,0.008849978,3.783448656,FINISHED GOODS
284,"Qingdao Changshin Shoes Co., Ltd.",China,5.0,5.0,0.607849853,3.516624519,FINISHED GOODS
285,"Qingdao Changshin Shoes Co., LTD. Jimo Factory",China,5.0,5.0,2.540306795,3.554209435,FINISHED GOODS
286,"QINGDAO HONGTAISHENGDA TRADE CO., LTD.",China,5.0,5.0,0.607849853,3.516624519,FINISHED GOODS - COMPONENTS
287,"Qingdao Licheng Health Technology Co., Ltd.",China,5.0,5.0,0.607849853,3.516624519,FINISHED GOODS
288,"QINGDAO MAITE FITNESS EQUIPMENT CO.,LTD",China,5.0,5.0,2.540306795,3.554209435,FINISHED GOODS
289,"Qingdao Qien Sporting Goods Co.,Ltd",China,5.0,5.0,2.540306795,3.554209435,FINISHED GOODS
290,Qingyuan City Liannan Yao Nationality Autonomous County Rongfang Footwear,China,0.0,0.046475747,0.021316009,2.58346634,FINISHED GOODS
291,"QUANG VIET ENTERPRISE CO., LTD",Vietnam,1.69615882,1.143929498,3.025974392,2.167585356,FINISHED GOODS
292,Quanzhou  Fengze Yisheng Leather Co,China,2.607120116,1.220926069,3.087656758,2.654733305,FINISHED GOODS
293,Quanzhou Unison Light Industrial Manufacturing Co. Ltd.,China,3.505778364,1.725985497,2.683031872,2.556107418,FINISHED GOODS
294,Ramatex Apparel Suzhou Ltd.,China,4.016276542,1.908488102,0.530115431,3.380822312,FINISHED GOODS
295,RAMATEX INDUSTRIAL SUZHOU LTD,China,4.016276542,1.908488102,0.530115431,3.380822312,FINISHED GOODS
296,Ramatex Printing Garment (Suzhou) Ltd,China,4.016276542,1.908488102,0.530115431,3.380822312,MATERIALS
297,RAMATEX TEXTILES (NANTONG) LTD,China,2.173164447,1.094305533,4.010231324,3.680475723,FINISHED GOODS
298,Regent Garment Factory Limited - Business location- Regent 2,Vietnam,1.888423765,1.025047202,4.014458347,2.543822176,FINISHED GOODS
299,"Regina Miracle International Vietnam Co., Ltd",Vietnam,1.888423765,1.025047202,4.014458347,2.543822176,FINISHED GOODS
300,Rollsport Vietnam Footwear Limited,Vietnam,2.47731425,1.163086554,3.640691446,2.014489819,FINISHED GOODS
301,ROLLSPORT VIETNAM FOOTWEAR LIMTED,Vietnam,2.47731425,1.163086554,3.640691446,2.014489819,FINISHED GOODS - COMPONENTS
302,"SAB Industrial (Vietnam) Co.,Ltd.",Vietnam,1.431227899,0.765869105,4.040222523,3.469697061,MATERIALS
303,SADESA THAILAND (KABINBURI),Thailand,5.0,3.411662177,0.058520131,3.02656362,MATERIALS
304,SADESA THAILAND Sena,Thailand,4.009080854,2.167428287,0.0,3.305861716,MATERIALS
305,SAMBU FINE CHEMICAL CO LTD (INDONESIA),Indonesia,3.18229402,1.439472807,2.56656962,3.594050966,FINISHED GOODS - COMPONENTS
306,SAMBU FINE CHEMICAL CO LTD (VIETNAM),Vietnam,3.091303255,1.413338034,2.197614649,2.315745285,FINISHED GOODS - COMPONENTS
307,SAN FANG (TR1) (CHINA),China,0.797890632,0.443913437,2.318525094,2.595601528,MATERIALS
308,SAN FANG (TR1) (INDONESIA),Indonesia,3.18229402,1.439472807,2.56656962,3.594050966,MATERIALS
309,SAN FANG (TR1) (TAIWAN),Taiwan,1.363146487,0.922523529,2.413248717,-9999.0,MATERIALS
310,SAN FANG (TR1) (VIETNAM),Vietnam,1.054499597,0.670249605,4.000495029,2.810883013,MATERIALS
311,SEYANG CORPORATION VIETNAM,Vietnam,1.431227899,0.765869105,4.040222523,3.469697061,FINISHED GOODS
312,"Shaanxi White River Apparel CO., LTD.",China,3.657490368,2.436599687,0.0,3.00496048,FINISHED GOODS
313,SHAN BEEN JEOU INDUSTRIAL CO LTD (TAIWAN),Taiwan,1.363146487,0.922523529,2.413248717,-9999.0,MATERIALS
314,"Shandong Yuanchenghe Garment Co.,Ltd",China,5.0,4.793834473,0.0,3.402784918,FINISHED GOODS
315,ShangGao Yisen Industry Co. Ltd.,China,0.407852924,0.666927762,0.0,3.327838104,FINISHED GOODS
316,SHANGHAI YKK ZIPPER CO LTD (MINGHANG BRANCH),China,4.016276542,1.908488102,0.530115431,3.380822312,MATERIALS
317,SHANGHAI YKK ZIPPER CO LTD (NANHUI),China,3.437826419,1.527175651,2.741384111,3.336828491,MATERIALS
318,Shao Yang County SteIIa Footwear LTD ,China,1.316316286,0.715555562,0.0,2.783117902,FINISHED GOODS
319,ShaoYang LianTai SQ HanShou Upper Facility,China,0.0,0.151978533,0.0,2.752196393,FINISHED GOODS - COMPONENTS
320,SHAOYANG STELLA FOOTWEAR COMPANY LIMITED,China,1.316316286,0.715555562,0.0,2.783117902,FINISHED GOODS
321,"SHENZHEN PENGYIFA INDUSTRIAL CO, LTD",China,1.840089816,0.89520095,4.00210769,2.704106647,FINISHED GOODS
322,Sheyang Zhixiang Knitting Clothing Factory,China,2.173164447,1.094305533,4.010231324,3.680475723,FINISHED GOODS
323,SHINTA WOOSUNG PT (INDONESIA),Indonesia,3.18229402,1.439472807,2.56656962,3.594050966,MATERIALS
324,"Shishi Maihong Clothing Co., LTD",China,1.757077517,1.031527928,3.041224033,2.629152303,FINISHED GOODS
325,"Shoetown Footwear Co.,Ltd",China,0.186704357,0.277139877,0.0,2.505270954,FINISHED GOODS
326,"Shoetown Hunan FOOTWEAR CO.,LTD",China,2.103925505,1.077351929,0.0,2.843770895,FINISHED GOODS
327,Shoetown JinTan,China,0.186704357,0.277139877,0.0,2.505270954,FINISHED GOODS
328,"Shoetown Lei Zhou Footwear Co., Ltd",China,2.824297522,1.40132398,4.002875704,2.632785599,FINISHED GOODS - COMPONENTS
329,"SI HAN MANUFACTURING CO.,LTD.",China,0.0,0.082410582,4.004380635,2.570440387,FINISHED GOODS
330,"SIGMA VIETNAM INDUSTRIAL CO.,LTD",Vietnam,1.864040593,1.029894649,4.031216344,3.842421362,FINISHED GOODS
331,SIMONA TANNING (ZHONGSHAN) CO. LIMITED,China,0.0,0.082410582,4.004380635,2.570440387,MATERIALS
332,"SNP CO.,LTD.",Vietnam,1.69615882,1.143929498,3.025974392,2.167585356,FINISHED GOODS
333,Song Hong - Nghia Hung Garment Joint Stock Company,Vietnam,1.431227899,0.765869105,4.040222523,3.469697061,FINISHED GOODS
334,"Song Hong Garment JSC - Nghia Hung Branch: Factory 15,16,17,18",Vietnam,1.431227899,0.765869105,4.035185706,3.315876613,FINISHED GOODS
335,"Song Hong Garment JSC - Song Hong 7 Branch: Factory 11,12,13,14",Vietnam,1.431227899,0.765869105,4.040222523,3.469697061,FINISHED GOODS
336,SongSen Garment Suzhou Ltd,China,4.016276542,1.908488102,0.530115431,3.380822312,FINISHED GOODS
337,STANWELL-EXPAN CO. LTD,Taiwan,1.363146487,0.922523529,2.413248717,-9999.0,FINISHED GOODS - COMPONENTS
338,Stretchline (Zhongshan) Limited,China,0.0,0.082410582,4.004380635,2.570440387,MATERIALS
339,"SUMBER MASANDA JAYA, PT",Indonesia,4.035248589,2.353942103,3.099236101,3.746869038,FINISHED GOODS
340,Sun Yuan Optical (Vietnam) Co. Ltd.,Vietnam,4.452659764,2.513910154,2.561941643,3.371990261,FINISHED GOODS
341,"SUNNY JET HOSIERY CO., LIMITED",China,3.100709926,1.416533289,1.047837284,3.57989061,FINISHED GOODS
342,"Suzhou Blue Seagull Fashion Co., Ltd",China,2.173164447,1.094305533,2.330857611,3.719564784,FINISHED GOODS
343,TAG TIME,China,0.797890632,0.443913437,2.318525094,2.595601528,FINISHED GOODS - COMPONENTS
344,"Taichung Shuihing Label Weaving Co., Ltd.",Taiwan,1.363146487,0.922523529,2.413248717,-9999.0,FINISHED GOODS - COMPONENTS
345,Taitat Putra Rejeki,Indonesia,3.18229402,1.439472807,2.56656962,3.594050966,FINISHED GOODS
346,TAYIN R&D CO LTD (CHINA),China,0.186704357,0.277139877,0.0,2.505270954,MATERIALS
347,"Thai Sock Co., Ltd.",Thailand,3.109756422,1.63008337,2.129345161,3.069143173,FINISHED GOODS
348,"The Haddad Apparel Wuxi, Co., LTD",China,4.016276542,1.908488102,0.530115431,3.380822312,FINISHED GOODS
349,Tho Xuan Corporation Company Limited,Vietnam,2.47731425,1.163086554,3.640691446,2.014489819,FINISHED GOODS
350,"Thuan Phuong Embroideries Garments Co., Ltd - Binh Chanh Factory 2",Vietnam,4.452659764,2.513910154,2.561941643,3.371990261,FINISHED GOODS
351,"Thuan Phuong Embroideries Garments Co., Ltd.",Vietnam,1.69615882,1.143929498,3.025974392,2.167585356,FINISHED GOODS
352,"Ting Heng Co., Ltd",Vietnam,4.452659764,2.513910154,2.561941643,3.371990261,MATERIALS
353,Tiong Liong Vietnam (VIETNAM ZHONGJU INDUSTRIAL COMPANY LIMITED),Vietnam,1.69615882,1.143929498,3.025974392,2.167585356,MATERIALS
354,"TIONG LIONG-Tiong Liong Industrial Co., Ltd. (Lamination)",Taiwan,1.363146487,0.922523529,2.413248717,-9999.0,MATERIALS
355,TKG ECO MATERIAL SYNTHETIC (VIETNAM),Vietnam,4.452659764,2.513910154,2.561941643,3.371990261,MATERIALS
356,TKG TAEKWANG CAN THO COMPANY LIMITED,Vietnam,1.864040593,1.029894649,1.808037565,3.859483479,FINISHED GOODS
357,TKG TAEKWANG MOC BAI JOINT STOCK COMPANY,Vietnam,4.452659764,2.513910154,2.561941643,3.371990261,FINISHED GOODS
358,TKG TAEKWANG VINA JOINT STOCK COMPANY,Vietnam,1.019449456,0.620524519,1.444160201,2.387824962,FINISHED GOODS
359,TKG TAEKWANG VINA JOINT STOCK COMPANY BRANCH 2,Vietnam,1.69615882,1.143929498,3.025974392,2.167585356,FINISHED GOODS
360,TKG TAEKWANG VINA JOINT STOCK COMPANY-MY THO BRANCH,Vietnam,1.864040593,1.029894649,4.031216344,3.842421362,FINISHED GOODS - COMPONENTS
361,TKG TAEKWNG BINH PHUOC COMPANY LIMITED,Vietnam,1.69615882,1.143929498,3.025974392,2.167585356,FINISHED GOODS - COMPONENTS
362,"TMVN MANUFACTURING CO.,LTD.",Vietnam,1.431227899,0.765869105,4.035185706,3.315876613,FINISHED GOODS
363,TNG Investment and Trading JSC - Dai Tu Garment Branch,Vietnam,2.805803426,1.407256582,4.010633967,3.189063374,FINISHED GOODS
364,TNG INVESTMENT AND TRADING JSC - DONG HY GARMENT,Vietnam,2.805803426,1.407256582,4.010633967,3.189063374,FINISHED GOODS
365,TONG HONG TANNERY CO LTD (CHINA),China,2.824297522,1.40132398,4.002875704,2.632785599,MATERIALS
366,TONG HONG TANNERY CO LTD (VIETNAM),Vietnam,1.054499597,0.670249605,4.000495029,2.810883013,MATERIALS
367,TORAY SAKAI CO. LTD.,China,2.173164447,1.094305533,4.010231324,3.680475723,MATERIALS
368,"TRANSFERTECH CO., LTD",Thailand,3.109756422,1.63008337,3.719516034,2.765760502,FINISHED GOODS - COMPONENTS
369,"Tremon Sporting Goods Enterprise Co.,Ltd",Vietnam,4.452659764,2.513910154,2.561941643,3.371990261,FINISHED GOODS
370,"TREMON SPORTING GOODS ENTERPRISE CO.,LTD (A STRIKER)",Vietnam,4.452659764,2.513910154,2.561941643,3.371990261,FINISHED GOODS
371,TRIMCO GROUP (HONG KONG) CO LTD,China,2.189636245,1.032047392,2.055120913,2.529667446,MATERIALS
372,TRIMCO GROUP (ZHEJIANG) CO LTD,China,2.635740043,1.163726976,4.001210681,2.806909944,FINISHED GOODS - COMPONENTS
373,TTG Co. Ltd.,Vietnam,4.452659764,2.513910154,2.561941643,3.371990261,FINISHED GOODS
374,TUNTEX SOC TRANG VIETNAM CO.LTD,Vietnam,1.864040593,1.029894649,4.033238421,3.230409341,FINISHED GOODS
375,UN-AVAILABLE CO. LTD,Vietnam,1.69615882,1.143929498,3.025974392,2.167585356,FINISHED GOODS
376,"Unipax Co., Ltd",Vietnam,1.019449456,0.620524519,1.444160201,2.387824962,FINISHED GOODS
377,"UNIPAX VI THANH CO., LTD.",Vietnam,1.019449456,0.620524519,1.444160201,2.387824962,FINISHED GOODS
378,"United Creation Optical Technology Co., Ltd",China,0.407852924,0.666927762,0.0,3.327838104,FINISHED GOODS
379,"Universal Sporting Goods (Thai) Co., Ltd.",Thailand,4.722261997,2.967937123,1.106095921,3.127964554,FINISHED GOODS
380,VEGA BALLS MANUFACTURING,Thailand,3.109756422,1.63008337,4.006526728,2.691354903,FINISHED GOODS
381,"VERTEX APPAREL 2022 CO.,LTD.",Thailand,0.0,0.327840424,0.0,3.367086622,FINISHED GOODS
382,"Viet Hong Garment Export Co., Ltd.",Vietnam,1.864040593,1.029894649,4.031216344,3.842421362,FINISHED GOODS
383,Viet Khanh Company Limited,Vietnam,1.864040593,1.029894649,4.031216344,3.842421362,FINISHED GOODS
384,Viet Long Giang Garment Joint Stock Company ,Vietnam,1.864040593,1.029894649,1.808037565,3.859483479,FINISHED GOODS
385,Viet Long Hung Garment Company Limited,Vietnam,1.864040593,1.029894649,4.031216344,3.842421362,FINISHED GOODS
386,VIET NAM ARGENT OPTICAL LIMITED COMPANY,Vietnam,2.805803426,1.407256582,4.010633967,3.189063374,FINISHED GOODS
387,VIET THINH GARMENT JOINT STOCK COMPANY,Vietnam,1.69615882,1.143929498,3.025974392,2.167585356,FINISHED GOODS
388,Viet Tien Garment Corporation,Vietnam,1.69615882,1.143929498,3.025974392,2.167585356,FINISHED GOODS
389,VIETNAM CHINGLUH SHOES CO. Ltd.,Vietnam,4.452659764,2.513910154,2.561941643,3.371990261,FINISHED GOODS
390,"Vietnam Chingluh Shoes Co., Ltd - Vinh Long Branch",Vietnam,1.864040593,1.029894649,1.808037565,3.859483479,FINISHED GOODS
391,"VIETNAM CHINGLUH SHOES CO.,LTD - VINH LONG BRANCH II",Vietnam,1.864040593,1.029894649,4.031216344,3.842421362,FINISHED GOODS
392,"VIETNAM DONA ORIENT CO., LTD",Vietnam,1.69615882,1.143929498,3.025974392,2.167585356,FINISHED GOODS
393,"Vietnam Dona Standard Footwear Co., Ltd",Vietnam,1.054499597,0.670249605,4.000495029,2.810883013,FINISHED GOODS
394,"Vietnam ECI Elastic Co., Ltd",Vietnam,1.69615882,1.143929498,3.025974392,2.167585356,MATERIALS
395,"Vietnam Golden Victory Co., Ltd.",Vietnam,1.431227899,0.765869105,4.040222523,3.469697061,FINISHED GOODS
396,VIETNAM JINTAI TEXTILE TECHNOLOGY COMPANY LIMITED,Vietnam,1.69615882,1.143929498,3.025974392,2.167585356,MATERIALS
397,Vietnam Pou Sung Co. Ltd.,Vietnam,1.019449456,0.620524519,1.444160201,2.387824962,FINISHED GOODS
398,"VINH LONG FOOTWEAR CO., LTD.",Vietnam,1.864040593,1.029894649,4.031216344,3.842421362,FINISHED GOODS
399,VINH TIEN GARMENT JOINT STOCK COMPANY,Vietnam,1.864040593,1.029894649,4.031216344,3.842421362,FINISHED GOODS
400,VIRTUE KING VIETNAM COMPANY LIMITED,Vietnam,1.69615882,1.143929498,3.025974392,2.167585356,FINISHED GOODS
401,Vo Nhai 1 Garment Branch – TNG Investment and Trading JSC,Vietnam,2.805803426,1.407256582,4.010633967,3.189063374,FINISHED GOODS
402,"Vung Tau Orient Co., Ltd",Vietnam,1.054499597,0.670249605,4.000495029,2.810883013,FINISHED GOODS
403,"Vung Tau Orient Co., Ltd - unit 02",Vietnam,1.054499597,0.670249605,4.000495029,2.810883013,FINISHED GOODS
404,"Walt Technology Group Co., Ltd.",China,3.437826419,1.527175651,2.741384111,3.336828491,FINISHED GOODS
405,Wan Way,Taiwan,1.363146487,0.922523529,2.413248717,-9999.0,FINISHED GOODS
406,"Weifang Aoxiang Sports Products Co., Ltd",China,5.0,5.0,1.568798445,3.517080079,FINISHED GOODS
407,WEILINA VIET NAM FOOTWEAR COMPANY LIMITED,Vietnam,2.47731425,1.163086554,3.640691446,2.014489819,FINISHED GOODS
408,WELLPOWER SPORTING GOODS CO LTD,China,0.797890632,0.443913437,2.318525094,2.595601528,FINISHED GOODS
409,"Wenzhou Outlook Eyewear Co., Ltd",China,0.956212568,0.557017791,0.0,2.765383555,FINISHED GOODS
410,WILSON (VIETNAM) LTD,Vietnam,4.452659764,2.513910154,2.561941643,3.371990261,FINISHED GOODS - COMPONENTS
411,"Worldon Vietnam Co., Ltd.",Vietnam,1.69615882,1.143929498,3.025974392,2.167585356,FINISHED GOODS
412,"Worldon Vietnam Co., Ltd. (Flyknit)",Vietnam,1.69615882,1.143929498,3.025974392,2.167585356,FINISHED GOODS - COMPONENTS
413,"WUXI BROTHERS PACKAGING CO., LTD ",China,2.173164447,1.094305533,2.330857611,3.719564784,FINISHED GOODS
414,"Xiamen Expanding Industrial Co., Ltd",China,1.757077517,1.031527928,3.041224033,2.629152303,FINISHED GOODS
415,"Xiamen Goge Garment Co., LTD",China,1.757077517,1.031527928,3.041224033,2.629152303,FINISHED GOODS
416,"Xiamen Kaiyuan Technology Co.,Ltd",China,1.757077517,1.031527928,3.041224033,2.629152303,FINISHED GOODS
417,"Xiamen Xinduoyu Manufacturing Co., Ltd.",China,1.757077517,1.031527928,3.041224033,2.629152303,FINISHED GOODS
418,XIANG ZHOU LEATHER CO LTD (CHINA),China,3.842707827,1.83880852,2.788927738,2.551758022,MATERIALS
419,"Xinchang Shoes Co.,Ltd",China,0.0,0.082410582,4.004380635,2.570440387,FINISHED GOODS - COMPONENTS
420,"XingNing City XinChang Shoes Co., LTD. YeTang Branch",China,0.0,0.082410582,4.004380635,2.570440387,FINISHED GOODS - COMPONENTS
421,YANCHENG XINBO GARMENTS CO LTD,China,2.173164447,1.094305533,4.010231324,3.680475723,FINISHED GOODS
422,Yangxin Poujia Footwear Co. Ltd.,China,2.463508296,1.097913215,0.0,2.906397594,FINISHED GOODS
423,"Yantai NE Apparel CO.,LTD",China,5.0,5.0,2.155693913,3.502735562,FINISHED GOODS
424,"Yegin Industry (Vietnam) Co., Ltd",Vietnam,4.452659764,2.513910154,2.561941643,3.371990261,FINISHED GOODS
425,YICHANE CO.LTD,Taiwan,1.363146487,0.922523529,2.413248717,-9999.0,FINISHED GOODS
426,"Yichun Yisen Industry Co., Ltd",China,0.407852924,0.666927762,0.0,3.327838104,FINISHED GOODS - COMPONENTS
427,"YieChang Industrial Co., Ltd.",Taiwan,1.363146487,0.922523529,2.413248717,-9999.0,FINISHED GOODS
428,YKK (THAILAND) CO LTD,Thailand,3.109756422,1.63008337,4.006526728,2.691354903,MATERIALS
429,YKK Taiwan Chung Li 2nd Factory,Taiwan,1.363146487,0.922523529,2.413248717,-9999.0,MATERIALS
430,YKK Taiwan Chung Li 3rd Factory,Taiwan,1.363146487,0.922523529,2.413248717,-9999.0,MATERIALS
431,"YKK VIETNAM CO., LTD",Vietnam,1.69615882,1.143929498,3.025974392,2.167585356,MATERIALS
432,"YongZhou Kaixiang Shoetown Footwear Co., Ltd. NOT A FINISHED GOODS FACILITY",China,2.267403373,1.115037306,0.0,2.721796876,FINISHED GOODS - COMPONENTS
433,YOU YOUNG (VIETNAM),Vietnam,1.69615882,1.143929498,3.025974392,2.167585356,MATERIALS
434,YOUNGIL (INDONESIA),Indonesia,3.18229402,1.439472807,2.56656962,3.594050966,MATERIALS
435,YOUNGIL (VIETNAM),Vietnam,4.452659764,2.513910154,2.561941643,3.371990261,MATERIALS
436,YRC TEXTILE,Thailand,4.722261997,2.967937123,1.106095921,3.127964554,MATERIALS
437,"Yuan Ling Knitting Industrial CO., LTD.",Taiwan,1.363146487,0.922523529,2.413248717,-9999.0,MATERIALS
438,"Yumei Shantou Garments Co., Ltd",China,1.840089816,0.89520095,4.00210769,2.704106647,FINISHED GOODS
439,"Zao Zhuang RuiXing Shoes Co., Ltd",China,3.898808872,2.747799145,0.0,3.469620757,FINISHED GOODS
440,"Zhangjiagang New HuaYuan Accessones Co., Ltd",China,2.173164447,1.094305533,2.330857611,3.719564784,FINISHED GOODS
441,"Zhangpu Hengxin Bags Co., Ltd",China,3.842707827,1.83880852,2.788927738,2.551758022,FINISHED GOODS
442,"ZheJiang Clis Fashion Co., Ltd.",China,4.016276542,1.908488102,0.530115431,3.380822312,FINISHED GOODS
443,Zhejiang Guangtai Delta Socks Co. Ltd.,China,3.91565096,1.788228687,0.0,2.849463918,FINISHED GOODS
444,"Zhejiang Top Circle Textiles Co.,Ltd",China,3.437826419,1.527175651,2.741384111,3.336828491,FINISHED GOODS
445,"Zhijie Footwear Technical Service (Zhongshan) CO.,Ltd",China,0.0,0.082410582,4.004380635,2.570440387,FINISHED GOODS
446,Zhuji Hengan Socks Co Ltd,China,3.91565096,1.788228687,0.0,2.849463918,FINISHED GOODS
447,"Zhuji Hengtai Knitting & Textile Co., Ltd.",China,3.91565096,1.788228687,0.0,2.849463918,FINISHED GOODS