Factory Name,Factory Type,the_geom,points_id,location_name,input_address,match_address,latitude,longitude,major_basin_name,minor_basin_name,string_id,bws_score,bws_cat,bws_label,bwd_score,bwd_cat,bwd_label,cfr_score,cfr_cat,cfr_label,drr_score,drr_cat,drr_label
"KURIM VIETNAM CO., LTD",MATERIALS,0101000020E6100000778368AD68AC5A40C9AA083719052640,1,"KURIM VIETNAM CO., LTD",_,-,11.009958,106.693889,"Viet Nam, Coast",Song Be Delta,441060-VNM.9_1-2021,1.69615882,1,Low - Medium (10-20%),1.143929498,1,Low - Medium (5-25%),3.025974392,3,"High (3 in 10,000 to 2 in 1,000)",2.167585356,2,Medium (0.4-0.6)
"HESHENG CO., LTD.",FINISHED GOODS,0101000020E6100000168A743FA7875A40E90B21E7FD273540,2,"HESHENG CO., LTD.",_,-,21.156218,106.119583,Hong (Red River),Cau,436708-VNM.5_1-1882,2.805803426,2,Medium - High (20-40%),1.407256582,1,Low - Medium (5-25%),4.010633967,4,"Extremely High (more than 2 in 1,000)",3.189063374,3,Medium - High (0.6-0.8)
"Hi-Tech Viet Nam Apparel Co.,Ltd.",FINISHED GOODS,0101000020E610000071C971A774105B40E8C1DD59BB9D2F40,3,"Hi-Tech Viet Nam Apparel Co.,Ltd.",_,-,15.80807,108.25712,"Viet Nam, Coast",Buong,441054-VNM.47_1-1882,0.844826194,0,Low (<10%),0.47620477,0,Low (<5%),0,0,"Low (0 to 9 in 1,000,000)",2.130262904,2,Medium (0.4-0.6)
B'LAO SPORT COMPANY LIMITED,FINISHED GOODS,,,,,,,,,,,,,,,,,,,,,,
TNG INVESTMENT AND TRADING JSC - DONG HY GARMENT,FINISHED GOODS,0101000020E6100000DAA84E07B27A5A4090DD054A0A9C3540,5,TNG INVESTMENT AND TRADING JSC - DONG HY GARMENT,_,-,21.609532,105.917116,Hong (Red River),Cau,436708-VNM.56_1-1626,2.805803426,2,Medium - High (20-40%),1.407256582,1,Low - Medium (5-25%),4.010633967,4,"Extremely High (more than 2 in 1,000)",3.189063374,3,Medium - High (0.6-0.8)
ELITE APPARATECH LLC,FINISHED GOODS,0101000020E6100000E0B9F770C9CD5A400C0742B280292540,6,ELITE APPARATECH LLC,_,-,10.58106,107.21542,"Viet Nam, Coast",Vietnam Coast 6,441059-VNM.7_1-2021,1.054499597,1,Low - Medium (10-20%),0.670249605,0,Low (<5%),4.000495029,4,"Extremely High (more than 2 in 1,000)",2.810883013,2,Medium (0.4-0.6)
"SNP CO.,LTD.",FINISHED GOODS,0101000020E6100000D73A27AC43A85A4090FC1C7AE6482640,7,"SNP CO.,LTD.",_,-,11.1423834,106.6291304,"Viet Nam, Coast",Saigon,441060-VNM.9_1-2008,1.69615882,1,Low - Medium (10-20%),1.143929498,1,Low - Medium (5-25%),3.025974392,3,"High (3 in 10,000 to 2 in 1,000)",2.167585356,2,Medium (0.4-0.6)
MAXPORT LIMITED VIET NAM _ NAM DINH BRANCH MAXPORT 06,FINISHED GOODS,0101000020E610000086877A0B35AB5A409549682673972540,8,MAXPORT LIMITED VIET NAM _ NAM DINH BRANCH MAXPORT 06,_,-,10.7958004,106.6751126,"Viet Nam, Coast",Saigon,441060-VNM.25_1-2021,1.69615882,1,Low - Medium (10-20%),1.143929498,1,Low - Medium (5-25%),3.025974392,3,"High (3 in 10,000 to 2 in 1,000)",2.167585356,2,Medium (0.4-0.6)
Germton Development Company Limited,FINISHED GOODS,0101000020E6100000EB538EC9E21A5B40BA8784EFFD152F40,9,Germton Development Company Limited,_,-,15.542953,108.420092,"Viet Nam, Coast",Buong,441055-VNM.47_1-1882,3.091303255,3,High (40-80%),1.413338034,1,Low - Medium (5-25%),2.197614649,2,"Medium - High (7 in 100,000 to 3 in 10,000)",2.315745285,2,Medium (0.4-0.6)
TUNTEX SOC TRANG VIETNAM CO.LTD,FINISHED GOODS,0101000020E6100000EEB5A0F7C67C5A4008008E3D7B462340,10,TUNTEX SOC TRANG VIETNAM CO.LTD,_,-,9.637659,105.949644,Mekong,Delta,443020-VNM.51_1-2021,1.864040593,1,Low - Medium (10-20%),1.029894649,1,Low - Medium (5-25%),4.033238421,4,"Extremely High (more than 2 in 1,000)",3.230409341,3,Medium - High (0.6-0.8)
"VIETNAM CHINGLUH SHOES CO.,LTD - VINH LONG BRANCH II",FINISHED GOODS,0101000020E6100000CD0358E4D77B5A40077C7E1821542440,11,"VIETNAM CHINGLUH SHOES CO.,LTD - VINH LONG BRANCH II",_,-,10.164315,105.935052,Mekong,Delta,441090-VNM.61_1-2021,1.864040593,1,Low - Medium (10-20%),1.029894649,1,Low - Medium (5-25%),4.031216344,4,"Extremely High (more than 2 in 1,000)",3.842421362,3,Medium - High (0.6-0.8)
VIET THINH GARMENT JOINT STOCK COMPANY,FINISHED GOODS,0101000020E6100000F7E461A1D6A85A40E2E995B20C912540,12,VIET THINH GARMENT JOINT STOCK COMPANY,_,-,10.7833,106.6381,"Viet Nam, Coast",Saigon,441060-VNM.25_1-2021,1.69615882,1,Low - Medium (10-20%),1.143929498,1,Low - Medium (5-25%),3.025974392,3,"High (3 in 10,000 to 2 in 1,000)",2.167585356,2,Medium (0.4-0.6)
"Haivina Co., Ltd.",FINISHED GOODS,0101000020E6100000A1B94E232D935A402159C0046EE13440,13,"Haivina Co., Ltd.",_,-,20.880585,106.29963,Hong (Red River),Cau,436709-VNM.22_1-1882,1.431227899,1,Low - Medium (10-20%),0.765869105,0,Low (<5%),4.115968585,4,"Extremely High (more than 2 in 1,000)",3.732877828,3,Medium - High (0.6-0.8)
"FASHION GARMENTS 2 CO., LTD. - TAN PHU BRANCH",FINISHED GOODS,0101000020E6100000D575A8A624DB5A4009FF2268CC8C2640,14,"FASHION GARMENTS 2 CO., LTD. - TAN PHU BRANCH",_,-,11.274997,107.424112,"Viet Nam, Coast",Lagna Da Rgna,441060-VNM.17_1-1626,1.69615882,1,Low - Medium (10-20%),1.143929498,1,Low - Medium (5-25%),3.025974392,3,"High (3 in 10,000 to 2 in 1,000)",2.167585356,2,Medium (0.4-0.6)
"FASHION GARMENTS 2 CO., LTD",FINISHED GOODS,0101000020E6100000CC457C2766B95A400FD6FF39CCE72540,15,"FASHION GARMENTS 2 CO., LTD",_,-,10.95273,106.89686,"Viet Nam, Coast",Song Be Delta,441060-VNM.17_1-2008,1.69615882,1,Low - Medium (10-20%),1.143929498,1,Low - Medium (5-25%),3.025974392,3,"High (3 in 10,000 to 2 in 1,000)",2.167585356,2,Medium (0.4-0.6)
"YKK VIETNAM CO., LTD",MATERIALS,0101000020E61000007EFE7BF0DAAE5A40F31C91EF52822540,16,"YKK VIETNAM CO., LTD",_,-,10.754539,106.732113,"Viet Nam, Coast",Saigon,441060-VNM.25_1-2021,1.69615882,1,Low - Medium (10-20%),1.143929498,1,Low - Medium (5-25%),3.025974392,3,"High (3 in 10,000 to 2 in 1,000)",2.167585356,2,Medium (0.4-0.6)
"Pro Kingtex Vietnam Co., Ltd",FINISHED GOODS,0101000020E6100000F29881CAF8A55A401F115322897E2540,17,"Pro Kingtex Vietnam Co., Ltd",_,-,10.74714,106.59331,"Viet Nam, Coast",Saigon,441060-VNM.25_1-2021,1.69615882,1,Low - Medium (10-20%),1.143929498,1,Low - Medium (5-25%),3.025974392,3,"High (3 in 10,000 to 2 in 1,000)",2.167585356,2,Medium (0.4-0.6)
TKG TAEKWANG VINA JOINT STOCK COMPANY BRANCH 2,FINISHED GOODS,0101000020E61000004165FCFB8CB95A40514EB4AB90E22540,18,TKG TAEKWANG VINA JOINT STOCK COMPANY BRANCH 2,_,-,10.94251,106.89923,"Viet Nam, Coast",Song Be Delta,441060-VNM.17_1-2008,1.69615882,1,Low - Medium (10-20%),1.143929498,1,Low - Medium (5-25%),3.025974392,3,"High (3 in 10,000 to 2 in 1,000)",2.167585356,2,Medium (0.4-0.6)
TKG ECO MATERIAL SYNTHETIC (VIETNAM),MATERIALS,0101000020E61000004F029B73F0955A409C8713984E432640,19,TKG ECO MATERIAL SYNTHETIC (VIETNAM),_,-,11.131459,106.342801,"Viet Nam, Coast",Saigon,441080-VNM.53_1-2021,4.452659764,4,Extremely High (>80%),2.513910154,2,Medium - High (25-50%),2.561941643,2,"Medium - High (7 in 100,000 to 3 in 10,000)",3.371990261,3,Medium - High (0.6-0.8)
"LI CHENG ENTERPRISE VIET NAM CO., LTD",FINISHED GOODS - COMPONENTS,0101000020E6100000CDCCCCCCCCBC5A406666666666662540,20,"LI CHENG ENTERPRISE VIET NAM CO., LTD",_,-,10.7,106.95,"Viet Nam, Coast",Vietnam Coast 6,441059-VNM.17_1-2021,1.054499597,1,Low - Medium (10-20%),0.670249605,0,Low (<5%),4.000495029,4,"Extremely High (more than 2 in 1,000)",2.810883013,2,Medium (0.4-0.6)
SAMBU FINE CHEMICAL CO LTD (VIETNAM),FINISHED GOODS - COMPONENTS,0101000020E6100000EB07D04AB5185B400DD242B8B8742F40,21,SAMBU FINE CHEMICAL CO LTD (VIETNAM),_,-,15.7279718,108.3860652,"Viet Nam, Coast",Buong,441055-VNM.47_1-1882,3.091303255,3,High (40-80%),1.413338034,1,Low - Medium (5-25%),2.197614649,2,"Medium - High (7 in 100,000 to 3 in 10,000)",2.315745285,2,Medium (0.4-0.6)
Regent Garment Factory Limited - Business location- Regent 2,FINISHED GOODS,0101000020E610000009C1AA7AF9975A40EBC891CEC0F83440,22,Regent Garment Factory Limited - Business location- Regent 2,_,-,20.971692,106.374602,Hong (Red River),Cau,436707-VNM.22_1-1882,1.888423765,1,Low - Medium (10-20%),1.025047202,1,Low - Medium (5-25%),4.014458347,4,"Extremely High (more than 2 in 1,000)",2.543822176,2,Medium (0.4-0.6)
"JOOWON VINA CO., LTD.",MATERIALS,0101000020E61000007BFA08FCE1BA5A40A3923A014D7C2540,23,"JOOWON VINA CO., LTD.",_,-,10.742775,106.920043,"Viet Nam, Coast",Song Be Delta,441060-VNM.17_1-2021,1.69615882,1,Low - Medium (10-20%),1.143929498,1,Low - Medium (5-25%),3.025974392,3,"High (3 in 10,000 to 2 in 1,000)",2.167585356,2,Medium (0.4-0.6)
ADORA FOOTWEAR LIMITED,FINISHED GOODS,0101000020E6100000647616BD53785A400F0BB5A679273440,24,ADORA FOOTWEAR LIMITED,_,-,20.1542,105.880111,Hong (Red River),Delta,436900-VNM.42_1-1626,1.431227899,1,Low - Medium (10-20%),0.765869105,0,Low (<5%),4.040222523,4,"Extremely High (more than 2 in 1,000)",3.469697061,3,Medium - High (0.6-0.8)
TNG Investment and Trading JSC - Dai Tu Garment Branch,FINISHED GOODS,0101000020E6100000A01518B2BA755A40E674594C6C963540,25,TNG Investment and Trading JSC - Dai Tu Garment Branch,_,-,21.58759,105.83952,Hong (Red River),Cau,436708-VNM.56_1-1626,2.805803426,2,Medium - High (20-40%),1.407256582,1,Low - Medium (5-25%),4.010633967,4,"Extremely High (more than 2 in 1,000)",3.189063374,3,Medium - High (0.6-0.8)
WEILINA VIET NAM FOOTWEAR COMPANY LIMITED,FINISHED GOODS,0101000020E610000072158BDF14675A4000A8E2C62DFE3340,26,WEILINA VIET NAM FOOTWEAR COMPANY LIMITED,_,-,19.992886,105.610649,"Viet Nam, Coast",Song Ma,441020-VNM.57_1-1882,2.47731425,2,Medium - High (20-40%),1.163086554,1,Low - Medium (5-25%),3.640691446,3,"High (3 in 10,000 to 2 in 1,000)",2.014489819,2,Medium (0.4-0.6)
SEYANG CORPORATION VIETNAM,FINISHED GOODS,0101000020E6100000F437A11001795A40DB334B02D49C3440,27,SEYANG CORPORATION VIETNAM,_,-,20.61261,105.89069,Hong (Red River),Delta,436900-VNM.28_1-1882,1.431227899,1,Low - Medium (10-20%),0.765869105,0,Low (<5%),4.040222523,4,"Extremely High (more than 2 in 1,000)",3.469697061,3,Medium - High (0.6-0.8)
"All Wells International Co., Ltd.",FINISHED GOODS,0101000020E6100000A088450C3BC75A409CA6CF0EB8362540,28,"All Wells International Co., Ltd.",_,-,10.606873,107.112979,"Viet Nam, Coast",Vietnam Coast 6,441059-VNM.7_1-2021,1.054499597,1,Low - Medium (10-20%),0.670249605,0,Low (<5%),4.000495029,4,"Extremely High (more than 2 in 1,000)",2.810883013,2,Medium (0.4-0.6)
Germton Industrial Company Ltd.,FINISHED GOODS,0101000020E6100000CF31207BBD155B405B99F04BFD8C2F40,29,Germton Industrial Company Ltd.,_,-,15.77537,108.33969,"Viet Nam, Coast",Buong,441054-VNM.47_1-1882,0.844826194,0,Low (<10%),0.47620477,0,Low (<5%),0,0,"Low (0 to 9 in 1,000,000)",2.130262904,2,Medium (0.4-0.6)
Fashion Garments Company Limited,FINISHED GOODS,0101000020E6100000202922C32A1E5B40C5724BAB21412F40,30,Fashion Garments Company Limited,_,-,15.62721,108.47136,"Viet Nam, Coast",Buong,441055-VNM.47_1-1882,3.091303255,3,High (40-80%),1.413338034,1,Low - Medium (5-25%),2.197614649,2,"Medium - High (7 in 100,000 to 3 in 10,000)",2.315745285,2,Medium (0.4-0.6)
Tiong Liong Vietnam (VIETNAM ZHONGJU INDUSTRIAL COMPANY LIMITED),MATERIALS,0101000020E61000008527F4FA93A65A40682101A3CB832640,31,Tiong Liong Vietnam (VIETNAM ZHONGJU INDUSTRIAL COMPANY LIMITED),_,-,11.257413,106.602782,"Viet Nam, Coast",Saigon,441060-VNM.9_1-2008,1.69615882,1,Low - Medium (10-20%),1.143929498,1,Low - Medium (5-25%),3.025974392,3,"High (3 in 10,000 to 2 in 1,000)",2.167585356,2,Medium (0.4-0.6)
HUNG LONG GARMENT AND SERVICE JOINT STOCK COMPANY,FINISHED GOODS,0101000020E6100000CFF753E3A5835A40EDF5EE8FF7A23440,32,HUNG LONG GARMENT AND SERVICE JOINT STOCK COMPANY,_,-,20.63659,106.057,Hong (Red River),Delta,436810-VNM.31_1-1882,1.431227899,1,Low - Medium (10-20%),0.765869105,0,Low (<5%),4.035185706,4,"Extremely High (more than 2 in 1,000)",3.315876613,3,Medium - High (0.6-0.8)
"Yegin Industry (Vietnam) Co., Ltd",FINISHED GOODS,0101000020E6100000EC34D25279935A40B1C403CAA6EC2440,33,"Yegin Industry (Vietnam) Co., Ltd",_,-,10.46221,106.30428,"Viet Nam, Coast",Saigon,441080-VNM.58_1-2021,4.452659764,4,Extremely High (>80%),2.513910154,2,Medium - High (25-50%),2.561941643,2,"Medium - High (7 in 100,000 to 3 in 10,000)",3.371990261,3,Medium - High (0.6-0.8)
Vietnam Pou Sung Co. Ltd.,FINISHED GOODS,0101000020E6100000F8DEDFA0BD115B40D124B1A4DC1D2C40,34,Vietnam Pou Sung Co. Ltd.,_,-,14.058324,108.277199,"Viet Nam, Coast",Ia Ayun,441058-VNM.21_1-1626,1.019449456,1,Low - Medium (10-20%),0.620524519,0,Low (<5%),1.444160201,1,"Low - Medium (9 in 1,000,000 to 7 in 100,000)",2.387824962,2,Medium (0.4-0.6)
"E-Top (Vietnam) Co.,Ltd",FINISHED GOODS,0101000020E6100000A4703D0AD7C35A40CDCCCCCCCC4C2540,35,"E-Top (Vietnam) Co.,Ltd",_,-,10.65,107.06,"Viet Nam, Coast",Vietnam Coast 6,441059-VNM.7_1-2021,1.054499597,1,Low - Medium (10-20%),0.670249605,0,Low (<5%),4.000495029,4,"Extremely High (more than 2 in 1,000)",2.810883013,2,Medium (0.4-0.6)
"FREETREND INDUSTRIAL (VIETNAM) CO., LTD",FINISHED GOODS,0101000020E6100000C74B378941B05A40DE718A8EE4B22540,36,"FREETREND INDUSTRIAL (VIETNAM) CO., LTD",_,-,10.8494,106.754,"Viet Nam, Coast",Saigon,441060-VNM.25_1-2021,1.69615882,1,Low - Medium (10-20%),1.143929498,1,Low - Medium (5-25%),3.025974392,3,"High (3 in 10,000 to 2 in 1,000)",2.167585356,2,Medium (0.4-0.6)
"DONGJIN TEXTILE VINA Co., Ltd ",MATERIALS,0101000020E6100000F8DEDFA0BD115B40D124B1A4DC1D2C40,37,"DONGJIN TEXTILE VINA Co., Ltd ",_,-,14.058324,108.277199,"Viet Nam, Coast",Ia Ayun,441058-VNM.21_1-1626,1.019449456,1,Low - Medium (10-20%),0.620524519,0,Low (<5%),1.444160201,1,"Low - Medium (9 in 1,000,000 to 7 in 100,000)",2.387824962,2,Medium (0.4-0.6)
PAIHO (VIETNAM),MATERIALS,0101000020E6100000AE47E17A14A65A4023DBF97E6A7C2540,38,PAIHO (VIETNAM),_,-,10.743,106.595,"Viet Nam, Coast",Saigon,441060-VNM.25_1-2021,1.69615882,1,Low - Medium (10-20%),1.143929498,1,Low - Medium (5-25%),3.025974392,3,"High (3 in 10,000 to 2 in 1,000)",2.167585356,2,Medium (0.4-0.6)
BAIKSAN (VIETNAM),MATERIALS,0101000020E61000006B813D2652AB5A406E68CA4E3F282640,39,BAIKSAN (VIETNAM),_,-,11.078608,106.676889,"Viet Nam, Coast",Song Be Delta,441060-VNM.9_1-2008,1.69615882,1,Low - Medium (10-20%),1.143929498,1,Low - Medium (5-25%),3.025974392,3,"High (3 in 10,000 to 2 in 1,000)",2.167585356,2,Medium (0.4-0.6)
"FORMOSA TAFFETA DONG NAI CO., LTD.",MATERIALS,0101000020E6100000C87A6AF5D5BA5A400188BB7A15712540,40,"FORMOSA TAFFETA DONG NAI CO., LTD.",_,-,10.720867,106.919309,"Viet Nam, Coast",Vietnam Coast 6,441059-VNM.17_1-2021,1.054499597,1,Low - Medium (10-20%),0.670249605,0,Low (<5%),4.000495029,4,"Extremely High (more than 2 in 1,000)",2.810883013,2,Medium (0.4-0.6)
BUSINESS LOCATION IN VUNG LIEM - TY XUAN COMPANY LIMITED,FINISHED GOODS,0101000020E6100000575BB1BFEC8A5A4062A1D634EF282440,41,BUSINESS LOCATION IN VUNG LIEM - TY XUAN COMPANY LIMITED,_,-,10.07995,106.1707,Mekong,Delta,441090-VNM.61_1-2021,1.864040593,1,Low - Medium (10-20%),1.029894649,1,Low - Medium (5-25%),4.031216344,4,"Extremely High (more than 2 in 1,000)",3.842421362,3,Medium - High (0.6-0.8)
"DONG SHIN VINA CO.,LTD",FINISHED GOODS,0101000020E6100000734BAB2171BF5A40B16EBC3B32CE2540,42,"DONG SHIN VINA CO.,LTD",_,-,10.902727,106.99128,"Viet Nam, Coast",Song Be Delta,441060-VNM.17_1-2008,1.69615882,1,Low - Medium (10-20%),1.143929498,1,Low - Medium (5-25%),3.025974392,3,"High (3 in 10,000 to 2 in 1,000)",2.167585356,2,Medium (0.4-0.6)
"VINH LONG FOOTWEAR CO., LTD.",FINISHED GOODS,0101000020E6100000991249F4327C5A406EDDCD531D522440,43,"VINH LONG FOOTWEAR CO., LTD.",_,-,10.16038,105.94061,Mekong,Delta,441090-VNM.61_1-2021,1.864040593,1,Low - Medium (10-20%),1.029894649,1,Low - Medium (5-25%),4.031216344,4,"Extremely High (more than 2 in 1,000)",3.842421362,3,Medium - High (0.6-0.8)
CONG TIEN GARMENT JOINT STOCK COMPANY,FINISHED GOODS,0101000020E61000004963B48EAAAA5A4040D9942BBCBB2440,44,CONG TIEN GARMENT JOINT STOCK COMPANY,_,-,10.36667,106.66666,Mekong,Delta,441090-VNM.58_1-2021,1.864040593,1,Low - Medium (10-20%),1.029894649,1,Low - Medium (5-25%),4.031216344,4,"Extremely High (more than 2 in 1,000)",3.842421362,3,Medium - High (0.6-0.8)
"Fashion Garments 2 Co., Ltd - Xuan Tay",FINISHED GOODS,0101000020E6100000AC8BDB6800D75A4038BEF6CC92A02540,45,"Fashion Garments 2 Co., Ltd - Xuan Tay",_,-,10.81362,107.3594,"Viet Nam, Coast",Vietnam Coast 6,441059-VNM.17_1-1626,1.054499597,1,Low - Medium (10-20%),0.670249605,0,Low (<5%),4.000495029,4,"Extremely High (more than 2 in 1,000)",2.810883013,2,Medium (0.4-0.6)
"Vung Tau Orient Co., Ltd - unit 02",FINISHED GOODS,0101000020E6100000DEB06D5166CB5A402783A3E4D5292540,46,"Vung Tau Orient Co., Ltd - unit 02",_,-,10.58171,107.17812,"Viet Nam, Coast",Vietnam Coast 6,441059-VNM.7_1-2021,1.054499597,1,Low - Medium (10-20%),0.670249605,0,Low (<5%),4.000495029,4,"Extremely High (more than 2 in 1,000)",2.810883013,2,Medium (0.4-0.6)
Branch of Thuan Phuong Embroideries Garments Company Limited - Thuan Phuong Long An Factory,FINISHED GOODS,0101000020E61000009B5AB6D617A15A40F86BB2463D242540,47,Branch of Thuan Phuong Embroideries Garments Company Limited - Thuan Phuong Long An Factory,_,-,10.57078,106.51708,"Viet Nam, Coast",Saigon,441080-VNM.39_1-2021,4.452659764,4,Extremely High (>80%),2.513910154,2,Medium - High (25-50%),2.561941643,2,"Medium - High (7 in 100,000 to 3 in 10,000)",3.371990261,3,Medium - High (0.6-0.8)
"Worldon Vietnam Co., Ltd.",FINISHED GOODS,0101000020E61000003997E2AAB2A75A4001309E4143EF2540,48,"Worldon Vietnam Co., Ltd.",_,-,10.96731,106.62028,"Viet Nam, Coast",Saigon,441060-VNM.25_1-2021,1.69615882,1,Low - Medium (10-20%),1.143929498,1,Low - Medium (5-25%),3.025974392,3,"High (3 in 10,000 to 2 in 1,000)",2.167585356,2,Medium (0.4-0.6)
"Thuan Phuong Embroideries Garments Co., Ltd.",FINISHED GOODS,0101000020E610000089981249F4AA5A40AF94658863AD2540,49,"Thuan Phuong Embroideries Garments Co., Ltd.",_,-,10.83865,106.67116,"Viet Nam, Coast",Saigon,441060-VNM.25_1-2021,1.69615882,1,Low - Medium (10-20%),1.143929498,1,Low - Medium (5-25%),3.025974392,3,"High (3 in 10,000 to 2 in 1,000)",2.167585356,2,Medium (0.4-0.6)
NV Apparel Company Limited,FINISHED GOODS,0101000020E6100000C47C7901F6555A407E350708E6E82440,50,NV Apparel Company Limited,_,-,10.45488,105.34314,Mekong,Delta,442100-VNM.1_1-2021,1.864040593,1,Low - Medium (10-20%),1.029894649,1,Low - Medium (5-25%),1.808037565,1,"Low - Medium (9 in 1,000,000 to 7 in 100,000)",3.859483479,3,Medium - High (0.6-0.8)
"ECLAT FABRIC CO., LTD.",MATERIALS,0101000020E6100000DCBA9BA73AC25A4019FF3EE3C2412540,51,"ECLAT FABRIC CO., LTD.",_,-,10.62844,107.03483,"Viet Nam, Coast",Vietnam Coast 6,441059-VNM.7_1-2021,1.054499597,1,Low - Medium (10-20%),0.670249605,0,Low (<5%),4.000495029,4,"Extremely High (more than 2 in 1,000)",2.810883013,2,Medium (0.4-0.6)
"COSMO VIETNAM CO.,LTD",MATERIALS,0101000020E6100000C4CDA964009D5A40AA0F24EF1C922540,52,"COSMO VIETNAM CO.,LTD",_,-,10.785377,106.453149,"Viet Nam, Coast",Saigon,441080-VNM.39_1-2021,4.452659764,4,Extremely High (>80%),2.513910154,2,Medium - High (25-50%),2.561941643,2,"Medium - High (7 in 100,000 to 3 in 10,000)",3.371990261,3,Medium - High (0.6-0.8)
UN-AVAILABLE CO. LTD,FINISHED GOODS,0101000020E6100000691D554D10A65A401A1A4F0471A62540,53,UN-AVAILABLE CO. LTD,_,-,10.825081,106.594745,"Viet Nam, Coast",Saigon,441060-VNM.25_1-2021,1.69615882,1,Low - Medium (10-20%),1.143929498,1,Low - Medium (5-25%),3.025974392,3,"High (3 in 10,000 to 2 in 1,000)",2.167585356,2,Medium (0.4-0.6)
MAPLE COMPANY LIMITED,FINISHED GOODS,0101000020E610000019CA897615AE5A407F85CC9541E93440,54,MAPLE COMPANY LIMITED,_,-,20.911157,106.72006,Hong (Red River),Cau,436707-VNM.23_1-1882,1.888423765,1,Low - Medium (10-20%),1.025047202,1,Low - Medium (5-25%),4.014458347,4,"Extremely High (more than 2 in 1,000)",2.543822176,2,Medium (0.4-0.6)
"LUCKYTEX SOC TRANG VIETNAM CO., LTD",FINISHED GOODS,0101000020E6100000B60F79CBD5AF5A40ECDADE6E49462540,55,"LUCKYTEX SOC TRANG VIETNAM CO., LTD",_,-,10.637279,106.747424,"Viet Nam, Coast",Saigon,441060-VNM.25_1-2021,1.69615882,1,Low - Medium (10-20%),1.143929498,1,Low - Medium (5-25%),3.025974392,3,"High (3 in 10,000 to 2 in 1,000)",2.167585356,2,Medium (0.4-0.6)
TKG TAEKWNG BINH PHUOC COMPANY LIMITED,FINISHED GOODS - COMPONENTS,0101000020E6100000C2F869DC9BA75A406E4C4F58E2F92640,56,TKG TAEKWNG BINH PHUOC COMPANY LIMITED,_,-,11.488055,106.618888,"Viet Nam, Coast",Song Be,441060-VNM.10_1-2008,1.69615882,1,Low - Medium (10-20%),1.143929498,1,Low - Medium (5-25%),3.025974392,3,"High (3 in 10,000 to 2 in 1,000)",2.167585356,2,Medium (0.4-0.6)
YOUNGIL (VIETNAM),MATERIALS,0101000020E61000006D1ADB6B41945A404337FB03E50E2640,57,YOUNGIL (VIETNAM),_,-,11.029091,106.316493,"Viet Nam, Coast",Saigon,441080-VNM.53_1-2021,4.452659764,4,Extremely High (>80%),2.513910154,2,Medium - High (25-50%),2.561941643,2,"Medium - High (7 in 100,000 to 3 in 10,000)",3.371990261,3,Medium - High (0.6-0.8)
"Song Hong Garment JSC - Nghia Hung Branch: Factory 15,16,17,18",FINISHED GOODS,0101000020E610000082AD122C0E8B5A403563D17476723440,58,"Song Hong Garment JSC - Nghia Hung Branch: Factory 15,16,17,18",_,-,20.44712,106.17274,Hong (Red River),Delta,436810-VNM.40_1-1882,1.431227899,1,Low - Medium (10-20%),0.765869105,0,Low (<5%),4.035185706,4,"Extremely High (more than 2 in 1,000)",3.315876613,3,Medium - High (0.6-0.8)
Maxturn Apparel Company Limited,FINISHED GOODS,0101000020E610000043554CA59F8B5A4097ADF54542233540,59,Maxturn Apparel Company Limited,_,-,21.13773,106.181619,Hong (Red River),Cau,436708-VNM.5_1-1882,2.805803426,2,Medium - High (20-40%),1.407256582,1,Low - Medium (5-25%),4.010633967,4,"Extremely High (more than 2 in 1,000)",3.189063374,3,Medium - High (0.6-0.8)
"TMVN MANUFACTURING CO.,LTD.",FINISHED GOODS,0101000020E610000017D9CEF7538B5A4002BC0512146F3440,60,"TMVN MANUFACTURING CO.,LTD.",_,-,20.4339,106.177,Hong (Red River),Delta,436810-VNM.40_1-1882,1.431227899,1,Low - Medium (10-20%),0.765869105,0,Low (<5%),4.035185706,4,"Extremely High (more than 2 in 1,000)",3.315876613,3,Medium - High (0.6-0.8)
Business Location of MDK Embroideries Garments Company Limited - Binh Chanh Factory,FINISHED GOODS,0101000020E6100000FE0E45813EA55A40A9BC1DE1B4502540,61,Business Location of MDK Embroideries Garments Company Limited - Binh Chanh Factory,_,-,10.65763,106.58194,"Viet Nam, Coast",Saigon,441060-VNM.25_1-2021,1.69615882,1,Low - Medium (10-20%),1.143929498,1,Low - Medium (5-25%),3.025974392,3,"High (3 in 10,000 to 2 in 1,000)",2.167585356,2,Medium (0.4-0.6)
Gold Long John (Vietnam 2nd location),FINISHED GOODS - COMPONENTS,0101000020E6100000E6AE25E483BA5A409B012EC896752540,62,Gold Long John (Vietnam 2nd location),_,-,10.729666,106.9143,"Viet Nam, Coast",Vietnam Coast 6,441059-VNM.17_1-2021,1.054499597,1,Low - Medium (10-20%),0.670249605,0,Low (<5%),4.000495029,4,"Extremely High (more than 2 in 1,000)",2.810883013,2,Medium (0.4-0.6)
LEADING STAR THANH HOA GARMENT COMPANY LIMITED,FINISHED GOODS,0101000020E61000009CA223B9FC755A406F8104C58F193440,63,LEADING STAR THANH HOA GARMENT COMPANY LIMITED,_,-,20.09985,105.84355,"Viet Nam, Coast",Song Ma,436900-VNM.57_1-1626,1.431227899,1,Low - Medium (10-20%),0.765869105,0,Low (<5%),4.040222523,4,"Extremely High (more than 2 in 1,000)",3.469697061,3,Medium - High (0.6-0.8)
"H&L APPAREL(VIETNAM) CO.,LTD",FINISHED GOODS,0101000020E61000000C1F115322A95A40E353008C67302640,64,"H&L APPAREL(VIETNAM) CO.,LTD",_,-,11.09454,106.64272,"Viet Nam, Coast",Saigon,441060-VNM.9_1-2008,1.69615882,1,Low - Medium (10-20%),1.143929498,1,Low - Medium (5-25%),3.025974392,3,"High (3 in 10,000 to 2 in 1,000)",2.167585356,2,Medium (0.4-0.6)
OUTLOOK INTERNATIONAL GROUP (VIETNAM) COMPANY LIMITED,FINISHED GOODS,0101000020E6100000E9F2E670AD795A40C58CF0F6206C3540,65,OUTLOOK INTERNATIONAL GROUP (VIETNAM) COMPANY LIMITED,_,-,21.422378,105.901211,Hong (Red River),Cau,436708-VNM.56_1-1626,2.805803426,2,Medium - High (20-40%),1.407256582,1,Low - Medium (5-25%),4.010633967,4,"Extremely High (more than 2 in 1,000)",3.189063374,3,Medium - High (0.6-0.8)
"MANUFACTURE OF ARTISTIC BELT & ACCESSORIES CO., LTD.",FINISHED GOODS,0101000020E6100000B37BF2B050AD5A40A2EE0390DA642640,66,"MANUFACTURE OF ARTISTIC BELT & ACCESSORIES CO., LTD.",_,-,11.19698,106.70805,"Viet Nam, Coast",Saigon,441060-VNM.9_1-2008,1.69615882,1,Low - Medium (10-20%),1.143929498,1,Low - Medium (5-25%),3.025974392,3,"High (3 in 10,000 to 2 in 1,000)",2.167585356,2,Medium (0.4-0.6)
"Regina Miracle International Vietnam Co., Ltd",FINISHED GOODS,0101000020E6100000BD00FBE8D4A95A400E677E3507E03440,67,"Regina Miracle International Vietnam Co., Ltd",_,-,20.87511,106.65362,Hong (Red River),Cau,436707-VNM.23_1-1882,1.888423765,1,Low - Medium (10-20%),1.025047202,1,Low - Medium (5-25%),4.014458347,4,"Extremely High (more than 2 in 1,000)",2.543822176,2,Medium (0.4-0.6)
"Worldon Vietnam Co., Ltd. (Flyknit)",FINISHED GOODS - COMPONENTS,0101000020E61000008D25AC8DB1A75A4084BC1E4C8AEF2540,68,"Worldon Vietnam Co., Ltd. (Flyknit)",_,-,10.967852,106.620212,"Viet Nam, Coast",Saigon,441060-VNM.25_1-2021,1.69615882,1,Low - Medium (10-20%),1.143929498,1,Low - Medium (5-25%),3.025974392,3,"High (3 in 10,000 to 2 in 1,000)",2.167585356,2,Medium (0.4-0.6)
"ECLAT TEXTILE CO., LTD. (VIETNAM)",FINISHED GOODS,0101000020E61000009E5E29CB10BB5A408AABCABE2B722540,69,"ECLAT TEXTILE CO., LTD. (VIETNAM)",_,-,10.72299,106.9229,"Viet Nam, Coast",Vietnam Coast 6,441059-VNM.17_1-2021,1.054499597,1,Low - Medium (10-20%),0.670249605,0,Low (<5%),4.000495029,4,"Extremely High (more than 2 in 1,000)",2.810883013,2,Medium (0.4-0.6)
"Acode Sporting Goods Co., Ltd.",FINISHED GOODS,0101000020E6100000BCEA01F390AE5A4076A6D0798D1D2640,70,"Acode Sporting Goods Co., Ltd.",_,-,11.05772,106.727597,"Viet Nam, Coast",Song Be Delta,441060-VNM.9_1-2008,1.69615882,1,Low - Medium (10-20%),1.143929498,1,Low - Medium (5-25%),3.025974392,3,"High (3 in 10,000 to 2 in 1,000)",2.167585356,2,Medium (0.4-0.6)
"Delta Galil Vietnam Co., Ltd",FINISHED GOODS,0101000020E61000009B559FABAD445B406744696FF0052C40,71,"Delta Galil Vietnam Co., Ltd",_,-,14.0116,109.0731,"Viet Nam, Coast",Song Ha Giao,441057-VNM.8_1-1882,2.496531825,2,Medium - High (20-40%),1.160316577,1,Low - Medium (5-25%),2.254449742,2,"Medium - High (7 in 100,000 to 3 in 10,000)",2.604049134,2,Medium (0.4-0.6)
"MDK Embroideries Garments Co., Ltd",FINISHED GOODS,0101000020E6100000E5F21FD26FA75A400ABFD4CF9BBA2540,72,"MDK Embroideries Garments Co., Ltd",_,-,10.86447,106.6162,"Viet Nam, Coast",Saigon,441060-VNM.25_1-2021,1.69615882,1,Low - Medium (10-20%),1.143929498,1,Low - Medium (5-25%),3.025974392,3,"High (3 in 10,000 to 2 in 1,000)",2.167585356,2,Medium (0.4-0.6)
"SIGMA VIETNAM INDUSTRIAL CO.,LTD",FINISHED GOODS,0101000020E6100000D200DE02099A5A4065C746205E972440,73,"SIGMA VIETNAM INDUSTRIAL CO.,LTD",_,-,10.29564,106.4068,Mekong,Delta,441090-VNM.6_1-2021,1.864040593,1,Low - Medium (10-20%),1.029894649,1,Low - Medium (5-25%),4.031216344,4,"Extremely High (more than 2 in 1,000)",3.842421362,3,Medium - High (0.6-0.8)
"Colltex Garment Mfy Co., Ltd.(VN)",FINISHED GOODS,0101000020E6100000D2393FC571985A40041F8315A70A2640,74,"Colltex Garment Mfy Co., Ltd.(VN)",_,-,11.020806,106.381944,"Viet Nam, Coast",Saigon,441080-VNM.53_1-2021,4.452659764,4,Extremely High (>80%),2.513910154,2,Medium - High (25-50%),2.561941643,2,"Medium - High (7 in 100,000 to 3 in 10,000)",3.371990261,3,Medium - High (0.6-0.8)
"Vung Tau Orient Co., Ltd",FINISHED GOODS,0101000020E6100000BDFBE3BD6AC75A40B7D5AC33BECF2440,75,"Vung Tau Orient Co., Ltd",_,-,10.405748,107.11589,"Viet Nam, Coast",Vietnam Coast 6,441059-VNM.7_1-None,1.054499597,1,Low - Medium (10-20%),0.670249605,0,Low (<5%),4.000495029,4,"Extremely High (more than 2 in 1,000)",2.810883013,2,Medium (0.4-0.6)
VIETNAM CHINGLUH SHOES CO. Ltd.,FINISHED GOODS,0101000020E6100000C520B072689F5A40018750A5663F2540,76,VIETNAM CHINGLUH SHOES CO. Ltd.,_,-,10.62383,106.49075,"Viet Nam, Coast",Saigon,441080-VNM.39_1-2021,4.452659764,4,Extremely High (>80%),2.513910154,2,Medium - High (25-50%),2.561941643,2,"Medium - High (7 in 100,000 to 3 in 10,000)",3.371990261,3,Medium - High (0.6-0.8)
"Vietnam Chingluh Shoes Co., Ltd - Vinh Long Branch",FINISHED GOODS,0101000020E6100000033E3F8C10755A40F3565D876A122440,77,"Vietnam Chingluh Shoes Co., Ltd - Vinh Long Branch",_,-,10.035969,105.829135,Mekong,Delta,442100-VNM.61_1-2021,1.864040593,1,Low - Medium (10-20%),1.029894649,1,Low - Medium (5-25%),1.808037565,1,"Low - Medium (9 in 1,000,000 to 7 in 100,000)",3.859483479,3,Medium - High (0.6-0.8)
CHANG SHIN DONG NAI COMPANY LTD,FINISHED GOODS,0101000020E6100000C66D3480B7D05A40DE718A8EE4522640,78,CHANG SHIN DONG NAI COMPANY LTD,_,-,11.1619,107.2612,"Viet Nam, Coast",Lagna Da Rgna,441060-VNM.17_1-1626,1.69615882,1,Low - Medium (10-20%),1.143929498,1,Low - Medium (5-25%),3.025974392,3,"High (3 in 10,000 to 2 in 1,000)",2.167585356,2,Medium (0.4-0.6)
KUO YUEN (VIETNAM) TAY NINH,MATERIALS,0101000020E6100000B56CAD2F12945A40409BE2925F0C2640,79,KUO YUEN (VIETNAM) TAY NINH,_,-,11.02416667,106.31361,"Viet Nam, Coast",Saigon,441080-VNM.53_1-2021,4.452659764,4,Extremely High (>80%),2.513910154,2,Medium - High (25-50%),2.561941643,2,"Medium - High (7 in 100,000 to 3 in 10,000)",3.371990261,3,Medium - High (0.6-0.8)
HUA FENG (VIETNAM),MATERIALS,0101000020E6100000E9263108ACBC5A40F5B9DA8AFD652540,80,HUA FENG (VIETNAM),_,-,10.6992,106.948,"Viet Nam, Coast",Vietnam Coast 6,441059-VNM.17_1-2021,1.054499597,1,Low - Medium (10-20%),0.670249605,0,Low (<5%),4.000495029,4,"Extremely High (more than 2 in 1,000)",2.810883013,2,Medium (0.4-0.6)
WILSON (VIETNAM) LTD,FINISHED GOODS - COMPONENTS,0101000020E6100000AC90F2936A945A40E9633E20D0092640,81,WILSON (VIETNAM) LTD,_,-,11.019166,106.319005,"Viet Nam, Coast",Saigon,441080-VNM.53_1-2021,4.452659764,4,Extremely High (>80%),2.513910154,2,Medium - High (25-50%),2.561941643,2,"Medium - High (7 in 100,000 to 3 in 10,000)",3.371990261,3,Medium - High (0.6-0.8)
"CAN SPORTS VIETNAM CO., LTD",FINISHED GOODS,0101000020E6100000CFF753E3A5915A40F2EF332E1CB82640,82,"CAN SPORTS VIETNAM CO., LTD",_,-,11.35959,106.27575,"Viet Nam, Coast",Saigon,441060-VNM.53_1-2021,1.69615882,1,Low - Medium (10-20%),1.143929498,1,Low - Medium (5-25%),3.025974392,3,"High (3 in 10,000 to 2 in 1,000)",2.167585356,2,Medium (0.4-0.6)
"TREMON SPORTING GOODS ENTERPRISE CO.,LTD (A STRIKER)",FINISHED GOODS,0101000020E6100000130A117008875A40CFDA6D179AAB2640,83,"TREMON SPORTING GOODS ENTERPRISE CO.,LTD (A STRIKER)",_,-,11.33516,106.10989,"Viet Nam, Coast",Saigon,441080-VNM.53_1-2021,4.452659764,4,Extremely High (>80%),2.513910154,2,Medium - High (25-50%),2.561941643,2,"Medium - High (7 in 100,000 to 3 in 10,000)",3.371990261,3,Medium - High (0.6-0.8)
DUCKSAN CO LTD (Vietnam),MATERIALS,0101000020E6100000E5F21FD26FB55A4072A774B0FE2F2640,84,DUCKSAN CO LTD (Vietnam),_,-,11.09374,106.83495,"Viet Nam, Coast",Song Be Delta,441060-VNM.9_1-2008,1.69615882,1,Low - Medium (10-20%),1.143929498,1,Low - Medium (5-25%),3.025974392,3,"High (3 in 10,000 to 2 in 1,000)",2.167585356,2,Medium (0.4-0.6)
"UNIPAX VI THANH CO., LTD.",FINISHED GOODS,0101000020E6100000F8DEDFA0BD115B40D124B1A4DC1D2C40,85,"UNIPAX VI THANH CO., LTD.",_,-,14.058324,108.277199,"Viet Nam, Coast",Ia Ayun,441058-VNM.21_1-1626,1.019449456,1,Low - Medium (10-20%),0.620524519,0,Low (<5%),1.444160201,1,"Low - Medium (9 in 1,000,000 to 7 in 100,000)",2.387824962,2,Medium (0.4-0.6)
Far Eastern Apparel Limited Vietnam,FINISHED GOODS,0101000020E6100000672618CE35AD5A408B70935165502640,86,Far Eastern Apparel Limited Vietnam,_,-,11.157023,106.706409,"Viet Nam, Coast",Song Be Delta,441060-VNM.9_1-2008,1.69615882,1,Low - Medium (10-20%),1.143929498,1,Low - Medium (5-25%),3.025974392,3,"High (3 in 10,000 to 2 in 1,000)",2.167585356,2,Medium (0.4-0.6)
Viet Khanh Company Limited,FINISHED GOODS,0101000020E610000045BB0A293F7F5A40C8B5A1629CAF2440,87,Viet Khanh Company Limited,_,-,10.34299,105.98823,Mekong,Delta,441090-VNM.58_1-2021,1.864040593,1,Low - Medium (10-20%),1.029894649,1,Low - Medium (5-25%),4.031216344,4,"Extremely High (more than 2 in 1,000)",3.842421362,3,Medium - High (0.6-0.8)
"Song Hong Garment JSC - Song Hong 7 Branch: Factory 11,12,13,14",FINISHED GOODS,0101000020E610000014200A664C925A405BEB8B84B6303440,88,"Song Hong Garment JSC - Song Hong 7 Branch: Factory 11,12,13,14",_,-,20.190285,106.285913,Hong (Red River),Delta,436900-VNM.40_1-1882,1.431227899,1,Low - Medium (10-20%),0.765869105,0,Low (<5%),4.040222523,4,"Extremely High (more than 2 in 1,000)",3.469697061,3,Medium - High (0.6-0.8)
Vo Nhai 1 Garment Branch – TNG Investment and Trading JSC,FINISHED GOODS,0101000020E610000010AD156D8E7A5A4023A0C211A4B23540,89,Vo Nhai 1 Garment Branch – TNG Investment and Trading JSC,_,-,21.697816,105.914943,Hong (Red River),Cau,436708-VNM.56_1-1626,2.805803426,2,Medium - High (20-40%),1.407256582,1,Low - Medium (5-25%),4.010633967,4,"Extremely High (more than 2 in 1,000)",3.189063374,3,Medium - High (0.6-0.8)
"LEE BOU INTERNATIONAL BINH DUONG INT'L. CO., LTD",FINISHED GOODS - COMPONENTS,,,,,,,,,,,,,,,,,,,,,,
"BRANCH 1 OF GREENTECH HEADGEAR CO., LTD IN DONG NAI",FINISHED GOODS,0101000020E61000000AD7A3703DBA5A4055C1A8A44E702540,91,"BRANCH 1 OF GREENTECH HEADGEAR CO., LTD IN DONG NAI",_,-,10.71935,106.91,"Viet Nam, Coast",Vietnam Coast 6,441059-VNM.17_1-2021,1.054499597,1,Low - Medium (10-20%),0.670249605,0,Low (<5%),4.000495029,4,"Extremely High (more than 2 in 1,000)",2.810883013,2,Medium (0.4-0.6)
VINH TIEN GARMENT JOINT STOCK COMPANY,FINISHED GOODS,0101000020E6100000317BD976DA7C5A407B15191D90842440,92,VINH TIEN GARMENT JOINT STOCK COMPANY,_,-,10.258912,105.950834,Mekong,Delta,441090-VNM.61_1-2021,1.864040593,1,Low - Medium (10-20%),1.029894649,1,Low - Medium (5-25%),4.031216344,4,"Extremely High (more than 2 in 1,000)",3.842421362,3,Medium - High (0.6-0.8)
"CHANG SHIN VIETNAM COMPANY, LTD.",FINISHED GOODS,0101000020E61000001283C0CAA1B55A40B6F3FDD478092640,93,"CHANG SHIN VIETNAM COMPANY, LTD.",_,-,11.0185,106.838,"Viet Nam, Coast",Song Be Delta,441060-VNM.17_1-2008,1.69615882,1,Low - Medium (10-20%),1.143929498,1,Low - Medium (5-25%),3.025974392,3,"High (3 in 10,000 to 2 in 1,000)",2.167585356,2,Medium (0.4-0.6)
"Men-Chuen Viet Nam Co., Ltd. (Nhon Trach VI)",FINISHED GOODS - COMPONENTS,0101000020E6100000C7F5EFFACCBB5A40A9DDAF027C672540,94,"Men-Chuen Viet Nam Co., Ltd. (Nhon Trach VI)",_,-,10.702118,106.934386,"Viet Nam, Coast",Vietnam Coast 6,441059-VNM.17_1-2021,1.054499597,1,Low - Medium (10-20%),0.670249605,0,Low (<5%),4.000495029,4,"Extremely High (more than 2 in 1,000)",2.810883013,2,Medium (0.4-0.6)
Song Hong - Nghia Hung Garment Joint Stock Company,FINISHED GOODS,0101000020E6100000FD9FC37C798B5A4032772D211F343440,95,Song Hong - Nghia Hung Garment Joint Stock Company,_,-,20.2036,106.17929,Hong (Red River),Delta,436900-VNM.40_1-1882,1.431227899,1,Low - Medium (10-20%),0.765869105,0,Low (<5%),4.040222523,4,"Extremely High (more than 2 in 1,000)",3.469697061,3,Medium - High (0.6-0.8)
MAXPORT LIMITED VIET NAM NAM DINH BRANCH MAXPORT 05,FINISHED GOODS,0101000020E6100000F8DEDFA0BD115B40D124B1A4DC1D2C40,96,MAXPORT LIMITED VIET NAM NAM DINH BRANCH MAXPORT 05,_,-,14.058324,108.277199,"Viet Nam, Coast",Ia Ayun,441058-VNM.21_1-1626,1.019449456,1,Low - Medium (10-20%),0.620524519,0,Low (<5%),1.444160201,1,"Low - Medium (9 in 1,000,000 to 7 in 100,000)",2.387824962,2,Medium (0.4-0.6)
"Fu-Luh Shoes Co., LTD",FINISHED GOODS,0101000020E6100000718FA50F5DAA5A402788BA0F403A2540,97,"Fu-Luh Shoes Co., LTD",_,-,10.61377,106.66193,"Viet Nam, Coast",Saigon,441080-VNM.39_1-2021,4.452659764,4,Extremely High (>80%),2.513910154,2,Medium - High (25-50%),2.561941643,2,"Medium - High (7 in 100,000 to 3 in 10,000)",3.371990261,3,Medium - High (0.6-0.8)
"CHANG SHIN VIETNAM CO., LTD",FINISHED GOODS,0101000020E610000045F0BF95ECBE5A40D8F0F44A59962540,98,"CHANG SHIN VIETNAM CO., LTD",_,-,10.79365,106.98319,"Viet Nam, Coast",Vietnam Coast 6,441059-VNM.17_1-2021,1.054499597,1,Low - Medium (10-20%),0.670249605,0,Low (<5%),4.000495029,4,"Extremely High (more than 2 in 1,000)",2.810883013,2,Medium (0.4-0.6)
"Thuan Phuong Embroideries Garments Co., Ltd - Binh Chanh Factory 2",FINISHED GOODS,0101000020E610000068CA4E3FA8A75A40B5519D0E64352540,99,"Thuan Phuong Embroideries Garments Co., Ltd - Binh Chanh Factory 2",_,-,10.604279,106.619644,"Viet Nam, Coast",Saigon,441080-VNM.39_1-2021,4.452659764,4,Extremely High (>80%),2.513910154,2,Medium - High (25-50%),2.561941643,2,"Medium - High (7 in 100,000 to 3 in 10,000)",3.371990261,3,Medium - High (0.6-0.8)
GreenTech Headgear Company Limited,FINISHED GOODS,0101000020E61000003A58FFE730CB5A40C26856B60F292540,100,GreenTech Headgear Company Limited,_,-,10.580198,107.17486,"Viet Nam, Coast",Vietnam Coast 6,441059-VNM.7_1-2021,1.054499597,1,Low - Medium (10-20%),0.670249605,0,Low (<5%),4.000495029,4,"Extremely High (more than 2 in 1,000)",2.810883013,2,Medium (0.4-0.6)
"Annora Vietnam  Footwear Co.,Ltd",FINISHED GOODS,0101000020E610000069E1B20A9B715A40F19D98F562703340,101,"Annora Vietnam  Footwear Co.,Ltd",_,-,19.43901,105.775088,"Viet Nam, Coast",Song Ca Coast,441030-VNM.57_1-1882,4.466211878,4,Extremely High (>80%),2.361467929,2,Medium - High (25-50%),4.001022334,4,"Extremely High (more than 2 in 1,000)",2.743402508,2,Medium (0.4-0.6)
TKG TAEKWANG VINA JOINT STOCK COMPANY-MY THO BRANCH,FINISHED GOODS - COMPONENTS,0101000020E6100000B6DB2E34D7955A405C5A0D897BBC2440,102,TKG TAEKWANG VINA JOINT STOCK COMPANY-MY THO BRANCH,_,-,10.36813,106.34126,Mekong,Delta,441090-VNM.58_1-2021,1.864040593,1,Low - Medium (10-20%),1.029894649,1,Low - Medium (5-25%),4.031216344,4,"Extremely High (more than 2 in 1,000)",3.842421362,3,Medium - High (0.6-0.8)
"Vietnam Golden Victory Co., Ltd.",FINISHED GOODS,0101000020E6100000779FE3A3C5875A40A67D737FF5403440,103,"Vietnam Golden Victory Co., Ltd.",_,-,20.253746,106.121438,Hong (Red River),Delta,436900-VNM.40_1-1882,1.431227899,1,Low - Medium (10-20%),0.765869105,0,Low (<5%),4.040222523,4,"Extremely High (more than 2 in 1,000)",3.469697061,3,Medium - High (0.6-0.8)
Dae Young Vina,FINISHED GOODS - COMPONENTS,0101000020E6100000904E5DF92CB15A403E05C078062D2640,104,Dae Young Vina,_,-,11.08794,106.76837,"Viet Nam, Coast",Song Be Delta,441060-VNM.9_1-2008,1.69615882,1,Low - Medium (10-20%),1.143929498,1,Low - Medium (5-25%),3.025974392,3,"High (3 in 10,000 to 2 in 1,000)",2.167585356,2,Medium (0.4-0.6)
TKG TAEKWANG VINA JOINT STOCK COMPANY,FINISHED GOODS,0101000020E6100000F8DEDFA0BD115B40D124B1A4DC1D2C40,105,TKG TAEKWANG VINA JOINT STOCK COMPANY,_,-,14.058324,108.277199,"Viet Nam, Coast",Ia Ayun,441058-VNM.21_1-1626,1.019449456,1,Low - Medium (10-20%),0.620524519,0,Low (<5%),1.444160201,1,"Low - Medium (9 in 1,000,000 to 7 in 100,000)",2.387824962,2,Medium (0.4-0.6)
SAN FANG (TR1) (VIETNAM),MATERIALS,0101000020E6100000F1457BBC90C25A404BC8073D9B452540,106,SAN FANG (TR1) (VIETNAM),_,-,10.63595,107.040084,"Viet Nam, Coast",Vietnam Coast 6,441059-VNM.7_1-2021,1.054499597,1,Low - Medium (10-20%),0.670249605,0,Low (<5%),4.000495029,4,"Extremely High (more than 2 in 1,000)",2.810883013,2,Medium (0.4-0.6)
Viet Long Hung Garment Company Limited,FINISHED GOODS,0101000020E6100000D1967329AEAB5A402CF015DD7AC52440,107,Viet Long Hung Garment Company Limited,_,-,10.385703,106.682505,Mekong,Delta,441090-VNM.58_1-2021,1.864040593,1,Low - Medium (10-20%),1.029894649,1,Low - Medium (5-25%),4.031216344,4,"Extremely High (more than 2 in 1,000)",3.842421362,3,Medium - High (0.6-0.8)
YOU YOUNG (VIETNAM),MATERIALS,0101000020E610000017D9CEF753A35A403FE3C281901C2640,108,YOU YOUNG (VIETNAM),_,-,11.05579,106.552,"Viet Nam, Coast",Saigon,441060-VNM.9_1-2021,1.69615882,1,Low - Medium (10-20%),1.143929498,1,Low - Medium (5-25%),3.025974392,3,"High (3 in 10,000 to 2 in 1,000)",2.167585356,2,Medium (0.4-0.6)
ROLLSPORT VIETNAM FOOTWEAR LIMTED,FINISHED GOODS - COMPONENTS,0101000020E61000009F1D705D31615A4015376E313FEB3340,109,ROLLSPORT VIETNAM FOOTWEAR LIMTED,_,-,19.918933,105.518638,"Viet Nam, Coast",Nam Sam,441020-VNM.57_1-1882,2.47731425,2,Medium - High (20-40%),1.163086554,1,Low - Medium (5-25%),3.640691446,3,"High (3 in 10,000 to 2 in 1,000)",2.014489819,2,Medium (0.4-0.6)
NAM THIEN COMPANY LIMITED,FINISHED GOODS,0101000020E61000006E4C4F58E2A75A4099F56228279A2540,110,NAM THIEN COMPANY LIMITED,_,-,10.80108,106.62319,"Viet Nam, Coast",Saigon,441060-VNM.25_1-2021,1.69615882,1,Low - Medium (10-20%),1.143929498,1,Low - Medium (5-25%),3.025974392,3,"High (3 in 10,000 to 2 in 1,000)",2.167585356,2,Medium (0.4-0.6)
KWAN TAT VIET NAM INDUSTRIAL LIMITED,FINISHED GOODS,0101000020E610000085D1AC6C1FAE5A408BE1EA0088EB2540,111,KWAN TAT VIET NAM INDUSTRIAL LIMITED,_,-,10.960022,106.720668,"Viet Nam, Coast",Saigon,441060-VNM.9_1-2021,1.69615882,1,Low - Medium (10-20%),1.143929498,1,Low - Medium (5-25%),3.025974392,3,"High (3 in 10,000 to 2 in 1,000)",2.167585356,2,Medium (0.4-0.6)
Maxport Limited (Viet Nam) - Thai Binh Branch,FINISHED GOODS,0101000020E6100000D8614CFA7B905A40D68BA19C686F3440,112,Maxport Limited (Viet Nam) - Thai Binh Branch,_,-,20.43519,106.257567,Hong (Red River),Delta,436810-VNM.55_1-1882,1.431227899,1,Low - Medium (10-20%),0.765869105,0,Low (<5%),4.035185706,4,"Extremely High (more than 2 in 1,000)",3.315876613,3,Medium - High (0.6-0.8)
Tho Xuan Corporation Company Limited,FINISHED GOODS,0101000020E61000003315E29178615A40C37DE4D6A4EB3340,113,Tho Xuan Corporation Company Limited,_,-,19.920484,105.522984,"Viet Nam, Coast",Nam Sam,441020-VNM.57_1-1882,2.47731425,2,Medium - High (20-40%),1.163086554,1,Low - Medium (5-25%),3.640691446,3,"High (3 in 10,000 to 2 in 1,000)",2.014489819,2,Medium (0.4-0.6)
ISA INDUSTRIAL CO LTD (VIETNAM),MATERIALS,0101000020E6100000265305A392A25A40E63FA4DFBE2E2640,114,ISA INDUSTRIAL CO LTD (VIETNAM),_,-,11.0913,106.5402,"Viet Nam, Coast",Saigon,441060-VNM.9_1-2021,1.69615882,1,Low - Medium (10-20%),1.143929498,1,Low - Medium (5-25%),3.025974392,3,"High (3 in 10,000 to 2 in 1,000)",2.167585356,2,Medium (0.4-0.6)
Haivina Hong Linh Co. Ltd,FINISHED GOODS,0101000020E610000033E197FA796D5A40273108AC1C823240,115,Haivina Hong Linh Co. Ltd,_,-,18.50825,105.71057,"Viet Nam, Coast",Delta,441040-VNM.29_1-1882,2.509358846,2,Medium - High (20-40%),1.23789438,1,Low - Medium (5-25%),4.002366466,4,"Extremely High (more than 2 in 1,000)",2.282781927,2,Medium (0.4-0.6)
GB LIGHT CO LTD (VIETNAM),MATERIALS,0101000020E6100000CCD1E3F736AB5A40F9A067B3EA332640,116,GB LIGHT CO LTD (VIETNAM),_,-,11.1014,106.67523,"Viet Nam, Coast",Song Be Delta,441060-VNM.9_1-2008,1.69615882,1,Low - Medium (10-20%),1.143929498,1,Low - Medium (5-25%),3.025974392,3,"High (3 in 10,000 to 2 in 1,000)",2.167585356,2,Medium (0.4-0.6)
Lucky Star Vietnam Garment Company Limited,FINISHED GOODS,0101000020E6100000299485AFAFAE5A40E738B709F7CA2540,117,Lucky Star Vietnam Garment Company Limited,_,-,10.896416,106.729473,"Viet Nam, Coast",Saigon,441060-VNM.9_1-2021,1.69615882,1,Low - Medium (10-20%),1.143929498,1,Low - Medium (5-25%),3.025974392,3,"High (3 in 10,000 to 2 in 1,000)",2.167585356,2,Medium (0.4-0.6)
"VIETNAM DONA ORIENT CO., LTD",FINISHED GOODS,0101000020E6100000D55C6E30D4BC5A40FA0B3D62F4F42540,118,"VIETNAM DONA ORIENT CO., LTD",_,-,10.978427,106.950451,"Viet Nam, Coast",Song Be Delta,441060-VNM.17_1-2008,1.69615882,1,Low - Medium (10-20%),1.143929498,1,Low - Medium (5-25%),3.025974392,3,"High (3 in 10,000 to 2 in 1,000)",2.167585356,2,Medium (0.4-0.6)
KUO YUEN (VIETNAM),MATERIALS,0101000020E610000080057AF27ABB5A408BDB0D47FC772540,119,KUO YUEN (VIETNAM),_,-,10.7343466,106.9293791,"Viet Nam, Coast",Vietnam Coast 6,441059-VNM.17_1-2021,1.054499597,1,Low - Medium (10-20%),0.670249605,0,Low (<5%),4.000495029,4,"Extremely High (more than 2 in 1,000)",2.810883013,2,Medium (0.4-0.6)
Rollsport Vietnam Footwear Limited,FINISHED GOODS,0101000020E6100000643F8BA548735A4062F3716DA8D83340,120,Rollsport Vietnam Footwear Limited,_,-,19.84632,105.801309,"Viet Nam, Coast",Song Ma,441020-VNM.57_1-1882,2.47731425,2,Medium - High (20-40%),1.163086554,1,Low - Medium (5-25%),3.640691446,3,"High (3 in 10,000 to 2 in 1,000)",2.014489819,2,Medium (0.4-0.6)
FORMOSA TAFFETA VIETNAM CO LTD,MATERIALS,0101000020E6100000F5F3A622159E5A400D8E9257E7382540,121,FORMOSA TAFFETA VIETNAM CO LTD,_,-,10.61114,106.47004,"Viet Nam, Coast",Saigon,441080-VNM.39_1-2021,4.452659764,4,Extremely High (>80%),2.513910154,2,Medium - High (25-50%),2.561941643,2,"Medium - High (7 in 100,000 to 3 in 10,000)",3.371990261,3,Medium - High (0.6-0.8)
"SAB Industrial (Vietnam) Co.,Ltd.",MATERIALS,0101000020E6100000D76839D043765A40D10836AE7F1B3440,122,"SAB Industrial (Vietnam) Co.,Ltd.",_,-,20.107417,105.847889,"Viet Nam, Coast",Song Ma,436900-VNM.57_1-1626,1.431227899,1,Low - Medium (10-20%),0.765869105,0,Low (<5%),4.040222523,4,"Extremely High (more than 2 in 1,000)",3.469697061,3,Medium - High (0.6-0.8)
Hua Feng Haptic Vietnam,FINISHED GOODS - COMPONENTS,0101000020E6100000F8DEDFA0BD115B40D124B1A4DC1D2C40,123,Hua Feng Haptic Vietnam,_,-,14.058324,108.277199,"Viet Nam, Coast",Ia Ayun,441058-VNM.21_1-1626,1.019449456,1,Low - Medium (10-20%),0.620524519,0,Low (<5%),1.444160201,1,"Low - Medium (9 in 1,000,000 to 7 in 100,000)",2.387824962,2,Medium (0.4-0.6)
ORIENTAL GARMENT AN GIANG CO LTD,FINISHED GOODS,0101000020E6100000032670EB6E565A40DA722EC555E52440,124,ORIENTAL GARMENT AN GIANG CO LTD,_,-,10.44792,105.35052,Mekong,Delta,442100-VNM.1_1-2021,1.864040593,1,Low - Medium (10-20%),1.029894649,1,Low - Medium (5-25%),1.808037565,1,"Low - Medium (9 in 1,000,000 to 7 in 100,000)",3.859483479,3,Medium - High (0.6-0.8)
TTG Co. Ltd.,FINISHED GOODS,0101000020E6100000BEDEFDF15E975A402C2B4D4A41F72440,125,TTG Co. Ltd.,_,-,10.48292,106.36517,"Viet Nam, Coast",Saigon,441080-VNM.58_1-2021,4.452659764,4,Extremely High (>80%),2.513910154,2,Medium - High (25-50%),2.561941643,2,"Medium - High (7 in 100,000 to 3 in 10,000)",3.371990261,3,Medium - High (0.6-0.8)
"Maxim Label and Packaging Vietnam Co., Ltd",MATERIALS,0101000020E6100000A30392B06FA85A40A2629CBF09DD2540,126,"Maxim Label and Packaging Vietnam Co., Ltd",_,-,10.931715,106.631817,"Viet Nam, Coast",Saigon,441060-VNM.25_1-2021,1.69615882,1,Low - Medium (10-20%),1.143929498,1,Low - Medium (5-25%),3.025974392,3,"High (3 in 10,000 to 2 in 1,000)",2.167585356,2,Medium (0.4-0.6)
"PROSPORTS FASHION (VIET NAM) CO., LTD.",FINISHED GOODS,0101000020E61000000327DBC01D915A40917D9065C1F43440,127,"PROSPORTS FASHION (VIET NAM) CO., LTD.",_,-,20.956076,106.267441,Hong (Red River),Cau,436708-VNM.22_1-1882,2.805803426,2,Medium - High (20-40%),1.407256582,1,Low - Medium (5-25%),4.010633967,4,"Extremely High (more than 2 in 1,000)",3.189063374,3,Medium - High (0.6-0.8)
EAGLE NICE VIETNAM COMPANY LIMITED,FINISHED GOODS,0101000020E610000005A4FD0FB0955A405EDA70581AC02540,128,EAGLE NICE VIETNAM COMPANY LIMITED,_,-,10.875201,106.338871,"Viet Nam, Coast",Saigon,441080-VNM.39_1-2021,4.452659764,4,Extremely High (>80%),2.513910154,2,Medium - High (25-50%),2.561941643,2,"Medium - High (7 in 100,000 to 3 in 10,000)",3.371990261,3,Medium - High (0.6-0.8)
Avery Dennison RIS Vietnam Co. Ltd.,MATERIALS,0101000020E6100000B6696CAF05AE5A4026C45C52B5452540,129,Avery Dennison RIS Vietnam Co. Ltd.,_,-,10.636149,106.719097,"Viet Nam, Coast",Saigon,441060-VNM.39_1-2021,1.69615882,1,Low - Medium (10-20%),1.143929498,1,Low - Medium (5-25%),3.025974392,3,"High (3 in 10,000 to 2 in 1,000)",2.167585356,2,Medium (0.4-0.6)
"Tremon Sporting Goods Enterprise Co.,Ltd",FINISHED GOODS,0101000020E61000006EA5D76663885A40FFB27BF2B0A02640,130,"Tremon Sporting Goods Enterprise Co.,Ltd",_,-,11.31385,106.131067,"Viet Nam, Coast",Saigon,441080-VNM.53_1-2021,4.452659764,4,Extremely High (>80%),2.513910154,2,Medium - High (25-50%),2.561941643,2,"Medium - High (7 in 100,000 to 3 in 10,000)",3.371990261,3,Medium - High (0.6-0.8)
Ha Noi Garment No. 40 Joint Stock Company,FINISHED GOODS,0101000020E61000002D95B7239C735A40624D6551D8FD3440,131,Ha Noi Garment No. 40 Joint Stock Company,_,-,20.991582,105.806405,Hong (Red River),Delta,436900-VNM.27_1-1882,1.431227899,1,Low - Medium (10-20%),0.765869105,0,Low (<5%),4.040222523,4,"Extremely High (more than 2 in 1,000)",3.469697061,3,Medium - High (0.6-0.8)
"JOY VINA FASHION CO., LTD",FINISHED GOODS,0101000020E6100000EE5C18E945825A408E91EC116ADA3440,132,"JOY VINA FASHION CO., LTD",_,-,20.853181,106.035517,Hong (Red River),Cau,436709-VNM.31_1-1882,1.431227899,1,Low - Medium (10-20%),0.765869105,0,Low (<5%),4.115968585,4,"Extremely High (more than 2 in 1,000)",3.732877828,3,Medium - High (0.6-0.8)
"PREMIER GLOBAL (VIETNAM) GARMENT FACTORY CO., LTD",FINISHED GOODS,0101000020E61000005F46B1DCD2AE5A40CE1951DA1BCC2540,133,"PREMIER GLOBAL (VIETNAM) GARMENT FACTORY CO., LTD",_,-,10.89865,106.73162,"Viet Nam, Coast",Saigon,441060-VNM.9_1-2021,1.69615882,1,Low - Medium (10-20%),1.143929498,1,Low - Medium (5-25%),3.025974392,3,"High (3 in 10,000 to 2 in 1,000)",2.167585356,2,Medium (0.4-0.6)
"CCH TOP VN CO., LTD.",FINISHED GOODS,0101000020E61000008FC2F5285CAF5A40A01A2FDD24862540,134,"CCH TOP VN CO., LTD.",_,-,10.762,106.74,"Viet Nam, Coast",Saigon,441060-VNM.25_1-2021,1.69615882,1,Low - Medium (10-20%),1.143929498,1,Low - Medium (5-25%),3.025974392,3,"High (3 in 10,000 to 2 in 1,000)",2.167585356,2,Medium (0.4-0.6)
Gain Lucky (Vietnam) Limited,MATERIALS,0101000020E6100000266E15C440955A4042EC4CA1F34A2640,135,Gain Lucky (Vietnam) Limited,_,-,11.14639,106.332078,"Viet Nam, Coast",Saigon,441080-VNM.53_1-2021,4.452659764,4,Extremely High (>80%),2.513910154,2,Medium - High (25-50%),2.561941643,2,"Medium - High (7 in 100,000 to 3 in 10,000)",3.371990261,3,Medium - High (0.6-0.8)
"PHUC TAI TAY NINH CO., LTD",FINISHED GOODS,0101000020E6100000320395F1EF8B5A4079AF5A99F04B2740,136,"PHUC TAI TAY NINH CO., LTD",_,-,11.64832,106.18652,"Viet Nam, Coast",Saigon,441060-VNM.53_1-2021,1.69615882,1,Low - Medium (10-20%),1.143929498,1,Low - Medium (5-25%),3.025974392,3,"High (3 in 10,000 to 2 in 1,000)",2.167585356,2,Medium (0.4-0.6)
Sun Yuan Optical (Vietnam) Co. Ltd.,FINISHED GOODS,0101000020E61000006A8995D1C8A05A404D86E3F90C402540,137,Sun Yuan Optical (Vietnam) Co. Ltd.,_,-,10.625099,106.512257,"Viet Nam, Coast",Saigon,441080-VNM.39_1-2021,4.452659764,4,Extremely High (>80%),2.513910154,2,Medium - High (25-50%),2.561941643,2,"Medium - High (7 in 100,000 to 3 in 10,000)",3.371990261,3,Medium - High (0.6-0.8)
Viet Long Giang Garment Joint Stock Company ,FINISHED GOODS,0101000020E61000002827DA55486B5A40B4CA4C69FD352440,138,Viet Long Giang Garment Joint Stock Company ,_,-,10.105449,105.67629,Mekong,Delta,442100-VNM.12_1-2021,1.864040593,1,Low - Medium (10-20%),1.029894649,1,Low - Medium (5-25%),1.808037565,1,"Low - Medium (9 in 1,000,000 to 7 in 100,000)",3.859483479,3,Medium - High (0.6-0.8)
"Green TG Co., Ltd",FINISHED GOODS,0101000020E610000031CEDF8442965A40BEBD6BD097F62440,139,"Green TG Co., Ltd",_,-,10.481627,106.34781,"Viet Nam, Coast",Saigon,441080-VNM.58_1-2021,4.452659764,4,Extremely High (>80%),2.513910154,2,Medium - High (25-50%),2.561941643,2,"Medium - High (7 in 100,000 to 3 in 10,000)",3.371990261,3,Medium - High (0.6-0.8)
Pou Chen Vietnam Enterprise Ltd.,FINISHED GOODS,0101000020E6100000C6DA84202CA35A40003F3E7CF4E33440,140,Pou Chen Vietnam Enterprise Ltd.,_,-,20.8904493,106.5495683,Hong (Red River),Cau,436707-VNM.23_1-1882,1.888423765,1,Low - Medium (10-20%),1.025047202,1,Low - Medium (5-25%),4.014458347,4,"Extremely High (more than 2 in 1,000)",2.543822176,2,Medium (0.4-0.6)
PRIME ASIA (VIETNAM),MATERIALS,0101000020E6100000DAC9E02879C55A4005C58F3177BD2440,141,PRIME ASIA (VIETNAM),_,-,10.37005,107.08552,"Viet Nam, Coast",Vietnam Coast 6,441059-VNM.7_1-None,1.054499597,1,Low - Medium (10-20%),0.670249605,0,Low (<5%),4.000495029,4,"Extremely High (more than 2 in 1,000)",2.810883013,2,Medium (0.4-0.6)
"DONA VICTOR FOOTWEAR CO., LTD",FINISHED GOODS,0101000020E6100000931804560EBD5A40174850FC18F32540,142,"DONA VICTOR FOOTWEAR CO., LTD",_,-,10.9748,106.954,"Viet Nam, Coast",Song Be Delta,441060-VNM.17_1-2008,1.69615882,1,Low - Medium (10-20%),1.143929498,1,Low - Medium (5-25%),3.025974392,3,"High (3 in 10,000 to 2 in 1,000)",2.167585356,2,Medium (0.4-0.6)
TKG TAEKWANG MOC BAI JOINT STOCK COMPANY,FINISHED GOODS,0101000020E6100000560E2DB29D875A405C8FC2F528BC2640,143,TKG TAEKWANG MOC BAI JOINT STOCK COMPANY,_,-,11.3675,106.119,"Viet Nam, Coast",Saigon,441080-VNM.53_1-2021,4.452659764,4,Extremely High (>80%),2.513910154,2,Medium - High (25-50%),2.561941643,2,"Medium - High (7 in 100,000 to 3 in 10,000)",3.371990261,3,Medium - High (0.6-0.8)
"Unipax Co., Ltd",FINISHED GOODS,0101000020E6100000F8DEDFA0BD115B40D124B1A4DC1D2C40,144,"Unipax Co., Ltd",_,-,14.058324,108.277199,"Viet Nam, Coast",Ia Ayun,441058-VNM.21_1-1626,1.019449456,1,Low - Medium (10-20%),0.620524519,0,Low (<5%),1.444160201,1,"Low - Medium (9 in 1,000,000 to 7 in 100,000)",2.387824962,2,Medium (0.4-0.6)
"Dona Pacific (Vietnam) Co., Ltd.",FINISHED GOODS,0101000020E6100000A8195245F1BC5A40BB7D569929F52540,145,"Dona Pacific (Vietnam) Co., Ltd.",_,-,10.978833,106.952226,"Viet Nam, Coast",Song Be Delta,441060-VNM.17_1-2008,1.69615882,1,Low - Medium (10-20%),1.143929498,1,Low - Medium (5-25%),3.025974392,3,"High (3 in 10,000 to 2 in 1,000)",2.167585356,2,Medium (0.4-0.6)
Viet Tien Garment Corporation,FINISHED GOODS,0101000020E6100000448B6CE7FBA95A40C1A8A44E40932540,146,Viet Tien Garment Corporation,_,-,10.7876,106.656,"Viet Nam, Coast",Saigon,441060-VNM.25_1-2021,1.69615882,1,Low - Medium (10-20%),1.143929498,1,Low - Medium (5-25%),3.025974392,3,"High (3 in 10,000 to 2 in 1,000)",2.167585356,2,Medium (0.4-0.6)
COSMO-E-MART NON-WOVEN COMPANY LIMITED,MATERIALS,0101000020E610000072E14048169E5A409E245D33F9962540,147,COSMO-E-MART NON-WOVEN COMPANY LIMITED,_,-,10.79487,106.47011,"Viet Nam, Coast",Saigon,441080-VNM.39_1-2021,4.452659764,4,Extremely High (>80%),2.513910154,2,Medium - High (25-50%),2.561941643,2,"Medium - High (7 in 100,000 to 3 in 10,000)",3.371990261,3,Medium - High (0.6-0.8)
DONGJIN TEXTILE VINA,MATERIALS,0101000020E6100000F8DEDFA0BD115B40D124B1A4DC1D2C40,148,DONGJIN TEXTILE VINA,_,-,14.058324,108.277199,"Viet Nam, Coast",Ia Ayun,441058-VNM.21_1-1626,1.019449456,1,Low - Medium (10-20%),0.620524519,0,Low (<5%),1.444160201,1,"Low - Medium (9 in 1,000,000 to 7 in 100,000)",2.387824962,2,Medium (0.4-0.6)
AURORA VIETNAM INDUSTRIAL FOOTWEAR CO. LTD,FINISHED GOODS,0101000020E6100000EF8FF7AA95A95A407C9BFEEC47EA3440,149,AURORA VIETNAM INDUSTRIAL FOOTWEAR CO. LTD,_,-,20.91516,106.64976,Hong (Red River),Cau,436707-VNM.23_1-1882,1.888423765,1,Low - Medium (10-20%),1.025047202,1,Low - Medium (5-25%),4.014458347,4,"Extremely High (more than 2 in 1,000)",2.543822176,2,Medium (0.4-0.6)
Far Eastern Apparel (Vietnam) Limited,FINISHED GOODS,0101000020E6100000AC1C5A643BAF5A40AC1C5A643BDF2540,150,Far Eastern Apparel (Vietnam) Limited,_,-,10.936,106.738,"Viet Nam, Coast",Saigon,441060-VNM.9_1-2021,1.69615882,1,Low - Medium (10-20%),1.143929498,1,Low - Medium (5-25%),3.025974392,3,"High (3 in 10,000 to 2 in 1,000)",2.167585356,2,Medium (0.4-0.6)
VIET NAM ARGENT OPTICAL LIMITED COMPANY,FINISHED GOODS,0101000020E6100000B18A37328F6C5A408D5DA27A6B503540,151,VIET NAM ARGENT OPTICAL LIMITED COMPANY,_,-,21.31414,105.69624,Hong (Red River),Cau,436708-VNM.62_1-1882,2.805803426,2,Medium - High (20-40%),1.407256582,1,Low - Medium (5-25%),4.010633967,4,"Extremely High (more than 2 in 1,000)",3.189063374,3,Medium - High (0.6-0.8)
Far Eastern New Apparel (Vietnam) Ltd (MDC),FINISHED GOODS,0101000020E6100000B39597FC4FB85A4023BDA8DDAFF22640,152,Far Eastern New Apparel (Vietnam) Ltd (MDC),_,-,11.473998,106.879882,"Viet Nam, Coast",Song Be,441060-VNM.10_1-2008,1.69615882,1,Low - Medium (10-20%),1.143929498,1,Low - Medium (5-25%),3.025974392,3,"High (3 in 10,000 to 2 in 1,000)",2.167585356,2,Medium (0.4-0.6)
"FASHION GARMENTS MEKONG CO., LTD",FINISHED GOODS,0101000020E6100000F5D6C05609585A403A3B191C256F2540,153,"FASHION GARMENTS MEKONG CO., LTD",_,-,10.71708,105.37557,Mekong,Delta,442100-VNM.18_1-2021,1.864040593,1,Low - Medium (10-20%),1.029894649,1,Low - Medium (5-25%),1.808037565,1,"Low - Medium (9 in 1,000,000 to 7 in 100,000)",3.859483479,3,Medium - High (0.6-0.8)
PROMAX TEXTILE (VIETNAM) CO. LTD,MATERIALS,0101000020E6100000F8DEDFA0BD115B40D124B1A4DC1D2C40,154,PROMAX TEXTILE (VIETNAM) CO. LTD,_,-,14.058324,108.277199,"Viet Nam, Coast",Ia Ayun,441058-VNM.21_1-1626,1.019449456,1,Low - Medium (10-20%),0.620524519,0,Low (<5%),1.444160201,1,"Low - Medium (9 in 1,000,000 to 7 in 100,000)",2.387824962,2,Medium (0.4-0.6)
"Viet Hong Garment Export Co., Ltd.",FINISHED GOODS,0101000020E6100000B515FBCBEEA55A400F62670A9D172440,155,"Viet Hong Garment Export Co., Ltd.",_,-,10.04612,106.5927,Mekong,Delta,441090-VNM.6_1-2021,1.864040593,1,Low - Medium (10-20%),1.029894649,1,Low - Medium (5-25%),4.031216344,4,"Extremely High (more than 2 in 1,000)",3.842421362,3,Medium - High (0.6-0.8)
VIETNAM JINTAI TEXTILE TECHNOLOGY COMPANY LIMITED,MATERIALS,0101000020E61000000BEF7211DFB15A403255302AA9232640,156,VIETNAM JINTAI TEXTILE TECHNOLOGY COMPANY LIMITED,_,-,11.06965,106.77924,"Viet Nam, Coast",Song Be Delta,441060-VNM.9_1-2008,1.69615882,1,Low - Medium (10-20%),1.143929498,1,Low - Medium (5-25%),3.025974392,3,"High (3 in 10,000 to 2 in 1,000)",2.167585356,2,Medium (0.4-0.6)
Longway Vietnam Company Limited,FINISHED GOODS,0101000020E610000021E527D53EA15A4018213CDA38C22540,157,Longway Vietnam Company Limited,_,-,10.87934,106.51946,"Viet Nam, Coast",Saigon,441060-VNM.39_1-2021,1.69615882,1,Low - Medium (10-20%),1.143929498,1,Low - Medium (5-25%),3.025974392,3,"High (3 in 10,000 to 2 in 1,000)",2.167585356,2,Medium (0.4-0.6)
TKG TAEKWANG CAN THO COMPANY LIMITED,FINISHED GOODS,0101000020E6100000378E588B4F735A40FC6F253B36F22340,158,TKG TAEKWANG CAN THO COMPANY LIMITED,_,-,9.97307,105.80173,Mekong,Delta,442100-VNM.12_1-2021,1.864040593,1,Low - Medium (10-20%),1.029894649,1,Low - Medium (5-25%),1.808037565,1,"Low - Medium (9 in 1,000,000 to 7 in 100,000)",3.859483479,3,Medium - High (0.6-0.8)
"QUANG VIET ENTERPRISE CO., LTD",FINISHED GOODS,0101000020E61000001C7C613255A05A40EDB60BCD75FA2540,159,"QUANG VIET ENTERPRISE CO., LTD",_,-,10.98918,106.5052,"Viet Nam, Coast",Saigon,441060-VNM.25_1-2021,1.69615882,1,Low - Medium (10-20%),1.143929498,1,Low - Medium (5-25%),3.025974392,3,"High (3 in 10,000 to 2 in 1,000)",2.167585356,2,Medium (0.4-0.6)
PROMAX TEXTILE (VIETNAM) CO. LTD.  (FTY 2),MATERIALS,0101000020E6100000C51D6FF25BBC5A4088855AD3BC6B2540,160,PROMAX TEXTILE (VIETNAM) CO. LTD.  (FTY 2),_,-,10.710425,106.943112,"Viet Nam, Coast",Vietnam Coast 6,441059-VNM.17_1-2021,1.054499597,1,Low - Medium (10-20%),0.670249605,0,Low (<5%),4.000495029,4,"Extremely High (more than 2 in 1,000)",2.810883013,2,Medium (0.4-0.6)
FAR EASTERN POLYTEX (VIETNAM) LTD,MATERIALS,0101000020E61000002992AF0452A65A404CA94BC6318A2640,161,FAR EASTERN POLYTEX (VIETNAM) LTD,_,-,11.269911,106.598756,"Viet Nam, Coast",Saigon,441060-VNM.9_1-2008,1.69615882,1,Low - Medium (10-20%),1.143929498,1,Low - Medium (5-25%),3.025974392,3,"High (3 in 10,000 to 2 in 1,000)",2.167585356,2,Medium (0.4-0.6)
"Ting Heng Co., Ltd",MATERIALS,0101000020E6100000F46C567DAE985A40CA4E3FA88BCC2540,162,"Ting Heng Co., Ltd",_,-,10.899503,106.38565,"Viet Nam, Coast",Saigon,441080-VNM.39_1-2021,4.452659764,4,Extremely High (>80%),2.513910154,2,Medium - High (25-50%),2.561941643,2,"Medium - High (7 in 100,000 to 3 in 10,000)",3.371990261,3,Medium - High (0.6-0.8)
EverTech Plastic Vietnam Company LTD Branch,FINISHED GOODS - COMPONENTS,0101000020E6100000344B02D4D4B25A407E350708E6382640,163,EverTech Plastic Vietnam Company LTD Branch,_,-,11.11113,106.79424,"Viet Nam, Coast",Song Be Delta,441060-VNM.9_1-2008,1.69615882,1,Low - Medium (10-20%),1.143929498,1,Low - Medium (5-25%),3.025974392,3,"High (3 in 10,000 to 2 in 1,000)",2.167585356,2,Medium (0.4-0.6)
"framas Korea Vina Co., Ltd",FINISHED GOODS - COMPONENTS,0101000020E6100000CBA0DAE044BB5A408F352383DCA52540,164,"framas Korea Vina Co., Ltd",_,-,10.823948,106.926079,"Viet Nam, Coast",Song Be Delta,441060-VNM.17_1-2021,1.69615882,1,Low - Medium (10-20%),1.143929498,1,Low - Medium (5-25%),3.025974392,3,"High (3 in 10,000 to 2 in 1,000)",2.167585356,2,Medium (0.4-0.6)
TONG HONG TANNERY CO LTD (VIETNAM),MATERIALS,0101000020E6100000836E2F698CC25A409CBF098508482540,165,TONG HONG TANNERY CO LTD (VIETNAM),_,-,10.64069,107.03982,"Viet Nam, Coast",Vietnam Coast 6,441059-VNM.7_1-2021,1.054499597,1,Low - Medium (10-20%),0.670249605,0,Low (<5%),4.000495029,4,"Extremely High (more than 2 in 1,000)",2.810883013,2,Medium (0.4-0.6)
GOLD LONG JOHN (VIETNAM),FINISHED GOODS - COMPONENTS,0101000020E61000001C7112946CB65A40F3C7B4368D612540,166,GOLD LONG JOHN (VIETNAM),_,-,10.6905305,106.8503771,"Viet Nam, Coast",Vietnam Coast 6,441059-VNM.17_1-2021,1.054499597,1,Low - Medium (10-20%),0.670249605,0,Low (<5%),4.000495029,4,"Extremely High (more than 2 in 1,000)",2.810883013,2,Medium (0.4-0.6)
VIRTUE KING VIETNAM COMPANY LIMITED,FINISHED GOODS,0101000020E6100000E1EEACDD76AF5A409CBF098508D82540,167,VIRTUE KING VIETNAM COMPANY LIMITED,_,-,10.92194,106.74163,"Viet Nam, Coast",Saigon,441060-VNM.9_1-2021,1.69615882,1,Low - Medium (10-20%),1.143929498,1,Low - Medium (5-25%),3.025974392,3,"High (3 in 10,000 to 2 in 1,000)",2.167585356,2,Medium (0.4-0.6)
"Vietnam ECI Elastic Co., Ltd",MATERIALS,0101000020E6100000D5B0DF13EBAA5A400C1F115322F92540,168,"Vietnam ECI Elastic Co., Ltd",_,-,10.98659,106.670598,"Viet Nam, Coast",Saigon,441060-VNM.9_1-2021,1.69615882,1,Low - Medium (10-20%),1.143929498,1,Low - Medium (5-25%),3.025974392,3,"High (3 in 10,000 to 2 in 1,000)",2.167585356,2,Medium (0.4-0.6)
"DAEWON CHEMICAL VINA CO., LTD.",MATERIALS,0101000020E610000005FA449E24BB5A404417D4B7CC992540,169,"DAEWON CHEMICAL VINA CO., LTD.",_,-,10.80039,106.92411,"Viet Nam, Coast",Song Be Delta,441060-VNM.17_1-2021,1.69615882,1,Low - Medium (10-20%),1.143929498,1,Low - Medium (5-25%),3.025974392,3,"High (3 in 10,000 to 2 in 1,000)",2.167585356,2,Medium (0.4-0.6)
"Vietnam Dona Standard Footwear Co., Ltd",FINISHED GOODS,0101000020E61000002A37514B73DA5A40B5705985CDD02540,170,"Vietnam Dona Standard Footwear Co., Ltd",_,-,10.907818,107.413287,"Viet Nam, Coast",Vietnam Coast 6,441059-VNM.17_1-1626,1.054499597,1,Low - Medium (10-20%),0.670249605,0,Low (<5%),4.000495029,4,"Extremely High (more than 2 in 1,000)",2.810883013,2,Medium (0.4-0.6)
,,0101000020E6100000560F98874CD85A401BDA006C40943040,4,BLAO SPORT COMPANY LIMITED,_,-,16.579108,107.379671,"Viet Nam, Coast",Vietnam Coast 2,441053-VNM.54_1-1882,1.897168508,1,Low - Medium (10-20%),1.036469531,1,Low - Medium (5-25%),4.002309761,4,"Extremely High (more than 2 in 1,000)",2.826426755,2,Medium (0.4-0.6)
,,0101000020E6100000F3CCCB61F7AD5A409D83674293EC2540,90,"LEE BOU INTERNATIONAL BINH DUONG INTL. CO., LTD",_,-,10.962061,106.718224,"Viet Nam, Coast",Saigon,441060-VNM.9_1-2021,1.69615882,1,Low - Medium (10-20%),1.143929498,1,Low - Medium (5-25%),3.025974392,3,"High (3 in 10,000 to 2 in 1,000)",2.167585356,2,Medium (0.4-0.6)